πσ,1869771333 
πσ,1869771333 
πσ,1869771333 
πσ,1869771333 
πσ,1869771333 
πσ,1869771333 
πσ,1869771333 
πσ,1869771333 
πσ,1869771333 
πσ,1869771333 
πσ,1869771333 
πσ,1869771333 
πσ,1869771333 
πσ,1869771333 
πσ,1869771333 
πσ,1869771333 
πσ,1869771333 
πσ,1869771333 
πσ,1869771333 
πσ,1869771333 
πσ,1869771333 
πσ,1869771333 
πσ,1869771333 
πσ,1869771333 
πσ,1869771333 
πσ,1869771333 
πσ,1869771333 
πσ,1869771333 
πσ,1869771333 
πσ,1869771333 
πσ,1869771333 
πσ,1869771333 
πσ,1869771333 
πσ,1869771333 
πσ,1869771333 
πσ,1869771333 
πσ,1869771333 
πσ,1869771333 
πσ,1869771333 
πσ,1869771333 
πσ,1869771333 
πσ,1869771333 
πσ,1869771333 
πσ,1869771333 
πσ,1869771333 
πσ,1869771333 
πσ,1869771333 
πσ,1869771333 
πσ,1869771333 
πσ,1869771333 
πσ,1869771333 
πσ,1869771333 
πσ,1869771333 
πσ,1869771333 
πσ,1869771333 
πσ,1869771333 
πσ,1869771333 
πσ,1869771333 
πσ,1869771333 
πσ,1869771333 
πσ,1869771333 
πσ,1869771333 
πσ,1869771333 
πσ,1869771333 
πσ,1869771333 
πσ,1869771333 
πσ,1869771333 
πσ,1869771333 
πσ,1869771333 
πσ,1869771333 
πσ,1869771333 
πσ,1869771333 
πσ,1869771333 
πσ,1869771333 
πσ,1869771333 
πσ,1869771333 
πσ,1869771333 
πσ,1869771333 
πσ,1869771333 
πσ,1869771333 
πσ,1869771333 
πσ,1869771333 
πσ,1869771333 
πσ,1869771333 
πσ,1869771333 
πσ,1869771333 
πσ,1869771333 
πσ,1869771333 
πσ,1869771333 
πσ,1869771333 
πσ,1869771333 
πσ,1869771333 
πσ,1869771333 
πσ,1869771333 
πσ,1869771333 
πσ,1869771333 
πσ,1869771333 
πσ,1869771333 
πσ,1869771333 
πσ,1869771333 
πσ,1869771333 
πσ,1869771333 
πσ,1869771333 
πσ,1869771333 
πσ,1869771333 
πσ,1869771333 
πσ,1869771333 
πσ,1869771333 
πσ,1869771333 
πσ,1869771333 
πσ,1869771333 
πσ,1869771333 
πσ,1869771333 
πσ,1869771333 
πσ,1869771333 
πσ,1869771333 
πσ,1869771333 
πσ,1869771333 
πσ,1869771333 
πσ,1869771333 
πσ,1869771333 
πσ,1869771333 
πσ,1869771333 
πσ,1869771333 
πσ,1869771333 
πσ,1869771333 
πσ,1869771333 
πσ,1869771333 
πσ,1869771333 
πσ,1869771333 
πσ,1869771333 
πσ,1869771333 
πσ,1869771333 
πσ,1869771333 
πσ,1869771333 
πσ,1869771333 
πσ,1869771333 
πσ,1869771333 
πσ,1869771333 
πσ,1869771333 
πσ,1869771333 
πσ,1869771333 
πσ,1869771333 
πσ,1869771333 
πσ,1869771333 
πσ,1869771333 
πσ,1869771333 
πσ,1869771333 
πσ,1869771333 
πσ,1869771333 
πσ,1869771333 
πσ,1869771333 
πσ,1869771333 
πσ,1869771333 
πσ,1869771333 
πσ,1869771333 
πσ,1869771333 
πσ,1869771333 
πσ,1869771333 
πσ,1869771333 
πσ,1869771333 
πσ,1869771333 
πσ,1869771333 
πσ,1869771333 
πσ,1869771333 
πσ,1869771333 
πσ,1869771333 
πσ,1869771333 
πσ,1869771333 
πσ,1869771333 
πσ,1869771333 
πσ,1869771333 
πσ,1869771333 
πσ,1869771333 
πσ,1869771333 
πσ,1869771333 
πσ,1869771333 
πσ,1869771333 
πσ,1869771333 
πσ,1869771333 
πσ,1869771333 
πσ,1869771333 
πσ,1869771333 
πσ,1869771333 
πσ,1869771333 
πσ,1869771333 
πσ,1869771333 
πσ,1869771333 
πσ,1869771333 
πσ,1869771333 
πσ,1869771333 
πσ,1869771333 
πσ,1869771333 
πσ,1869771333 
πσ,1869771333 
πσ,1869771333 
πσ,1869771333 
πσ,1869771333 
πσ,1869771333 
πσ,1869771333 
πσ,1869771333 
πσ,1869771333 
πσ,1869771333 
πσ,1869771333 
πσ,1869771333 
πσ,1869771333 
πσ,1869771333 
πσ,1869771333 
πσ,1869771333 
πσ,1869771333 
πσ,1869771333 
πσ,1869771333 
πσ,1869771333 
πσ,1869771333 
πσ,1869771333 
πσ,1869771333 
πσ,1869771333 
πσ,1869771333 
πσ,1869771333 
πσ,1869771333 
πσ,1869771333 
πσ,1869771333 
πσ,1869771333 
πσ,1869771333 
πσ,1869771333 
πσ,1869771333 
πσ,1869771333 
πσ,1869771333 
πσ,1869771333 
πσ,1869771333 
πσ,1869771333 
πσ,1869771333 
πσ,1869771333 
πσ,1869771333 
πσ,1869771333 
πσ,1869771333 
πσ,1869771333 
πσ,1869771333 
πσ,1869771333 
πσ,1869771333 
πσ,1869771333 
πσ,1869771333 
πσ,1869771333 
πσ,1869771333 
πσ,1869771333 
πσ,1869771333 
πσ,1869771333 
πσ,1869771333 
πσ,1869771333 
πσ,1869771333 
πσ,1869771333 
πσ,1869771333 
πσ,1869771333 
πσ,1869771333 
πσ,1869771333 
πσ,1869771333 
πσ,1869771333 
πσ,1869771333 
πσ,1869771333 
πσ,1869771333 
πσ,1869771333 
πσ,1869771333 
πσ,1869771333 
πσ,1869771333 
πσ,1869771333 
πσ,1869771333 
πσ,1869771333 
πσ,1869771333 
πσ,1869771333 
πσ,1869771333 
πσ,1869771333 
πσ,1869771333 
πσ,1869771333 
πσ,1869771333 
πσ,1869771333 
πσ,1869771333 
πσ,1869771333 
πσ,1869771333 
πσ,1869771333 
πσ,1869771333 
πσ,1869771333 
πσ,1869771333 
πσ,1869771333 
πσ,1869771333 
πσ,1869771333 
πσ,1869771333 
πσ,1869771333 
πσ,1869771333 
πσ,1869771333 
πσ,1869771333 
πσ,1869771333 
πσ,1869771333 
πσ,1869771333 
πσ,1869771333 
πσ,1869771333 
πσ,1869771333 
πσ,1869771333 
πσ,1869771333 
πσ,1869771333 
πσ,1869771333 
πσ,1869771333 
πσ,1869771333 
πσ,1869771333 
πσ,1869771333 
πσ,1869771333 
πσ,1869771333 
πσ,1869771333 
πσ,1869771333 
πσ,1869771333 
πσ,1869771333 
πσ,1869771333 
πσ,1869771333 
πσ,1869771333 
πσ,1869771333 
πσ,1869771333 
πσ,1869771333 
πσ,1869771333 
πσ,1869771333 
πσ,1869771333 
πσ,1869771333 
πσ,1869771333 
πσ,1869771333 
πσ,1869771333 
πσ,1869771333 
πσ,1869771333 
πσ,1869771333 
πσ,1869771333 
πσ,1869771333 
πσ,1869771333 
πσ,1869771333 
πσ,1869771333 
πσ,1869771333 
πσ,1869771333 
πσ,1869771333 
πσ,1869771333 
πσ,1869771333 
πσ,1869771333 
πσ,1869771333 
πσ,1869771333 
πσ,1869771333 
πσ,1869771333 
πσ,1869771333 
πσ,1869771333 
πσ,1869771333 
πσ,1869771333 
πσ,1869771333 
πσ,1869771333 
πσ,1869771333 
πσ,1869771333 
πσ,1869771333 
πσ,1869771333 
πσ,1869771333 
πσ,1869771333 
πσ,1869771333 
πσ,1869771333 
πσ,1869771333 
πσ,1869771333 
πσ,1869771333 
πσ,1869771333 
πσ,1869771333 
‰½θύπ‰µπύΒ‰…ψύ‹…ΰύΑ‰…τύΟ‰όύλM‹‰…άύ‹C‰…δύ‹C‰…ΰύ‹C‰…θύµ ύµ°ύ…πύPS…xώP…ώPθvΘƒΔµ`θ!]ϋY…ΐtd‹…`‹,1078561341 
‰½θύπ‰µπύΒ‰…ψύ‹…ΰύΑ‰…τύΟ‰όύλM‹‰…άύ‹C‰…δύ‹C‰…ΰύ‹C‰…θύµ ύµ°ύ…πύPS…xώP…ώPθvΘƒΔµ`θ!]ϋY…ΐtd‹…`‹,1078561341 
‰½θύπ‰µπύΒ‰…ψύ‹…ΰύΑ‰…τύΟ‰όύλM‹‰…άύ‹C‰…δύ‹C‰…ΰύ‹C‰…θύµ ύµ°ύ…πύPS…xώP…ώPθvΘƒΔµ`θ!]ϋY…ΐtd‹…`‹,1078561341 
‰½θύπ‰µπύΒ‰…ψύ‹…ΰύΑ‰…τύΟ‰όύλM‹‰…άύ‹C‰…δύ‹C‰…ΰύ‹C‰…θύµ ύµ°ύ…πύPS…xώP…ώPθvΘƒΔµ`θ!]ϋY…ΐtd‹…`‹,1078561341 
‰½θύπ‰µπύΒ‰…ψύ‹…ΰύΑ‰…τύΟ‰όύλM‹‰…άύ‹C‰…δύ‹C‰…ΰύ‹C‰…θύµ ύµ°ύ…πύPS…xώP…ώPθvΘƒΔµ`θ!]ϋY…ΐtd‹…`‹,1078561341 
‰½θύπ‰µπύΒ‰…ψύ‹…ΰύΑ‰…τύΟ‰όύλM‹‰…άύ‹C‰…δύ‹C‰…ΰύ‹C‰…θύµ ύµ°ύ…πύPS…xώP…ώPθvΘƒΔµ`θ!]ϋY…ΐtd‹…`‹,1078561341 
‰½θύπ‰µπύΒ‰…ψύ‹…ΰύΑ‰…τύΟ‰όύλM‹‰…άύ‹C‰…δύ‹C‰…ΰύ‹C‰…θύµ ύµ°ύ…πύPS…xώP…ώPθvΘƒΔµ`θ!]ϋY…ΐtd‹…`‹,1078561341 
‰½θύπ‰µπύΒ‰…ψύ‹…ΰύΑ‰…τύΟ‰όύλM‹‰…άύ‹C‰…δύ‹C‰…ΰύ‹C‰…θύµ ύµ°ύ…πύPS…xώP…ώPθvΘƒΔµ`θ!]ϋY…ΐtd‹…`‹,1078561341 
‰½θύπ‰µπύΒ‰…ψύ‹…ΰύΑ‰…τύΟ‰όύλM‹‰…άύ‹C‰…δύ‹C‰…ΰύ‹C‰…θύµ ύµ°ύ…πύPS…xώP…ώPθvΘƒΔµ`θ!]ϋY…ΐtd‹…`‹,1078561341 
‰½θύπ‰µπύΒ‰…ψύ‹…ΰύΑ‰…τύΟ‰όύλM‹‰…άύ‹C‰…δύ‹C‰…ΰύ‹C‰…θύµ ύµ°ύ…πύPS…xώP…ώPθvΘƒΔµ`θ!]ϋY…ΐtd‹…`‹,1078561341 
‰½θύπ‰µπύΒ‰…ψύ‹…ΰύΑ‰…τύΟ‰όύλM‹‰…άύ‹C‰…δύ‹C‰…ΰύ‹C‰…θύµ ύµ°ύ…πύPS…xώP…ώPθvΘƒΔµ`θ!]ϋY…ΐtd‹…`‹,1078561341 
‰½θύπ‰µπύΒ‰…ψύ‹…ΰύΑ‰…τύΟ‰όύλM‹‰…άύ‹C‰…δύ‹C‰…ΰύ‹C‰…θύµ ύµ°ύ…πύPS…xώP…ώPθvΘƒΔµ`θ!]ϋY…ΐtd‹…`‹,1078561341 
‰½θύπ‰µπύΒ‰…ψύ‹…ΰύΑ‰…τύΟ‰όύλM‹‰…άύ‹C‰…δύ‹C‰…ΰύ‹C‰…θύµ ύµ°ύ…πύPS…xώP…ώPθvΘƒΔµ`θ!]ϋY…ΐtd‹…`‹,1078561341 
‰½θύπ‰µπύΒ‰…ψύ‹…ΰύΑ‰…τύΟ‰όύλM‹‰…άύ‹C‰…δύ‹C‰…ΰύ‹C‰…θύµ ύµ°ύ…πύPS…xώP…ώPθvΘƒΔµ`θ!]ϋY…ΐtd‹…`‹,1078561341 
‰½θύπ‰µπύΒ‰…ψύ‹…ΰύΑ‰…τύΟ‰όύλM‹‰…άύ‹C‰…δύ‹C‰…ΰύ‹C‰…θύµ ύµ°ύ…πύPS…xώP…ώPθvΘƒΔµ`θ!]ϋY…ΐtd‹…`‹,1078561341 
‰½θύπ‰µπύΒ‰…ψύ‹…ΰύΑ‰…τύΟ‰όύλM‹‰…άύ‹C‰…δύ‹C‰…ΰύ‹C‰…θύµ ύµ°ύ…πύPS…xώP…ώPθvΘƒΔµ`θ!]ϋY…ΐtd‹…`‹,1078561341 
‰½θύπ‰µπύΒ‰…ψύ‹…ΰύΑ‰…τύΟ‰όύλM‹‰…άύ‹C‰…δύ‹C‰…ΰύ‹C‰…θύµ ύµ°ύ…πύPS…xώP…ώPθvΘƒΔµ`θ!]ϋY…ΐtd‹…`‹,1078561341 
‰½θύπ‰µπύΒ‰…ψύ‹…ΰύΑ‰…τύΟ‰όύλM‹‰…άύ‹C‰…δύ‹C‰…ΰύ‹C‰…θύµ ύµ°ύ…πύPS…xώP…ώPθvΘƒΔµ`θ!]ϋY…ΐtd‹…`‹,1078561341 
‰½θύπ‰µπύΒ‰…ψύ‹…ΰύΑ‰…τύΟ‰όύλM‹‰…άύ‹C‰…δύ‹C‰…ΰύ‹C‰…θύµ ύµ°ύ…πύPS…xώP…ώPθvΘƒΔµ`θ!]ϋY…ΐtd‹…`‹,1078561341 
‰½θύπ‰µπύΒ‰…ψύ‹…ΰύΑ‰…τύΟ‰όύλM‹‰…άύ‹C‰…δύ‹C‰…ΰύ‹C‰…θύµ ύµ°ύ…πύPS…xώP…ώPθvΘƒΔµ`θ!]ϋY…ΐtd‹…`‹,1078561341 
‰½θύπ‰µπύΒ‰…ψύ‹…ΰύΑ‰…τύΟ‰όύλM‹‰…άύ‹C‰…δύ‹C‰…ΰύ‹C‰…θύµ ύµ°ύ…πύPS…xώP…ώPθvΘƒΔµ`θ!]ϋY…ΐtd‹…`‹,1078561341 
‰½θύπ‰µπύΒ‰…ψύ‹…ΰύΑ‰…τύΟ‰όύλM‹‰…άύ‹C‰…δύ‹C‰…ΰύ‹C‰…θύµ ύµ°ύ…πύPS…xώP…ώPθvΘƒΔµ`θ!]ϋY…ΐtd‹…`‹,1078561341 
‰½θύπ‰µπύΒ‰…ψύ‹…ΰύΑ‰…τύΟ‰όύλM‹‰…άύ‹C‰…δύ‹C‰…ΰύ‹C‰…θύµ ύµ°ύ…πύPS…xώP…ώPθvΘƒΔµ`θ!]ϋY…ΐtd‹…`‹,1078561341 
‰½θύπ‰µπύΒ‰…ψύ‹…ΰύΑ‰…τύΟ‰όύλM‹‰…άύ‹C‰…δύ‹C‰…ΰύ‹C‰…θύµ ύµ°ύ…πύPS…xώP…ώPθvΘƒΔµ`θ!]ϋY…ΐtd‹…`‹,1078561341 
‰½θύπ‰µπύΒ‰…ψύ‹…ΰύΑ‰…τύΟ‰όύλM‹‰…άύ‹C‰…δύ‹C‰…ΰύ‹C‰…θύµ ύµ°ύ…πύPS…xώP…ώPθvΘƒΔµ`θ!]ϋY…ΐtd‹…`‹,1078561341 
‰½θύπ‰µπύΒ‰…ψύ‹…ΰύΑ‰…τύΟ‰όύλM‹‰…άύ‹C‰…δύ‹C‰…ΰύ‹C‰…θύµ ύµ°ύ…πύPS…xώP…ώPθvΘƒΔµ`θ!]ϋY…ΐtd‹…`‹,1078561341 
‰½θύπ‰µπύΒ‰…ψύ‹…ΰύΑ‰…τύΟ‰όύλM‹‰…άύ‹C‰…δύ‹C‰…ΰύ‹C‰…θύµ ύµ°ύ…πύPS…xώP…ώPθvΘƒΔµ`θ!]ϋY…ΐtd‹…`‹,1078561341 
‰½θύπ‰µπύΒ‰…ψύ‹…ΰύΑ‰…τύΟ‰όύλM‹‰…άύ‹C‰…δύ‹C‰…ΰύ‹C‰…θύµ ύµ°ύ…πύPS…xώP…ώPθvΘƒΔµ`θ!]ϋY…ΐtd‹…`‹,1078561341 
‰½θύπ‰µπύΒ‰…ψύ‹…ΰύΑ‰…τύΟ‰όύλM‹‰…άύ‹C‰…δύ‹C‰…ΰύ‹C‰…θύµ ύµ°ύ…πύPS…xώP…ώPθvΘƒΔµ`θ!]ϋY…ΐtd‹…`‹,1078561341 
‰½θύπ‰µπύΒ‰…ψύ‹…ΰύΑ‰…τύΟ‰όύλM‹‰…άύ‹C‰…δύ‹C‰…ΰύ‹C‰…θύµ ύµ°ύ…πύPS…xώP…ώPθvΘƒΔµ`θ!]ϋY…ΐtd‹…`‹,1078561341 
‰½θύπ‰µπύΒ‰…ψύ‹…ΰύΑ‰…τύΟ‰όύλM‹‰…άύ‹C‰…δύ‹C‰…ΰύ‹C‰…θύµ ύµ°ύ…πύPS…xώP…ώPθvΘƒΔµ`θ!]ϋY…ΐtd‹…`‹,1078561341 
‰½θύπ‰µπύΒ‰…ψύ‹…ΰύΑ‰…τύΟ‰όύλM‹‰…άύ‹C‰…δύ‹C‰…ΰύ‹C‰…θύµ ύµ°ύ…πύPS…xώP…ώPθvΘƒΔµ`θ!]ϋY…ΐtd‹…`‹,1078561341 
‰½θύπ‰µπύΒ‰…ψύ‹…ΰύΑ‰…τύΟ‰όύλM‹‰…άύ‹C‰…δύ‹C‰…ΰύ‹C‰…θύµ ύµ°ύ…πύPS…xώP…ώPθvΘƒΔµ`θ!]ϋY…ΐtd‹…`‹,1078561341 
‰½θύπ‰µπύΒ‰…ψύ‹…ΰύΑ‰…τύΟ‰όύλM‹‰…άύ‹C‰…δύ‹C‰…ΰύ‹C‰…θύµ ύµ°ύ…πύPS…xώP…ώPθvΘƒΔµ`θ!]ϋY…ΐtd‹…`‹,1078561341 
‰½θύπ‰µπύΒ‰…ψύ‹…ΰύΑ‰…τύΟ‰όύλM‹‰…άύ‹C‰…δύ‹C‰…ΰύ‹C‰…θύµ ύµ°ύ…πύPS…xώP…ώPθvΘƒΔµ`θ!]ϋY…ΐtd‹…`‹,1078561341 
‰½θύπ‰µπύΒ‰…ψύ‹…ΰύΑ‰…τύΟ‰όύλM‹‰…άύ‹C‰…δύ‹C‰…ΰύ‹C‰…θύµ ύµ°ύ…πύPS…xώP…ώPθvΘƒΔµ`θ!]ϋY…ΐtd‹…`‹,1078561341 
‰½θύπ‰µπύΒ‰…ψύ‹…ΰύΑ‰…τύΟ‰όύλM‹‰…άύ‹C‰…δύ‹C‰…ΰύ‹C‰…θύµ ύµ°ύ…πύPS…xώP…ώPθvΘƒΔµ`θ!]ϋY…ΐtd‹…`‹,1078561341 
‰½θύπ‰µπύΒ‰…ψύ‹…ΰύΑ‰…τύΟ‰όύλM‹‰…άύ‹C‰…δύ‹C‰…ΰύ‹C‰…θύµ ύµ°ύ…πύPS…xώP…ώPθvΘƒΔµ`θ!]ϋY…ΐtd‹…`‹,1078561341 
‰½θύπ‰µπύΒ‰…ψύ‹…ΰύΑ‰…τύΟ‰όύλM‹‰…άύ‹C‰…δύ‹C‰…ΰύ‹C‰…θύµ ύµ°ύ…πύPS…xώP…ώPθvΘƒΔµ`θ!]ϋY…ΐtd‹…`‹,1078561341 
‰½θύπ‰µπύΒ‰…ψύ‹…ΰύΑ‰…τύΟ‰όύλM‹‰…άύ‹C‰…δύ‹C‰…ΰύ‹C‰…θύµ ύµ°ύ…πύPS…xώP…ώPθvΘƒΔµ`θ!]ϋY…ΐtd‹…`‹,1078561341 
‰½θύπ‰µπύΒ‰…ψύ‹…ΰύΑ‰…τύΟ‰όύλM‹‰…άύ‹C‰…δύ‹C‰…ΰύ‹C‰…θύµ ύµ°ύ…πύPS…xώP…ώPθvΘƒΔµ`θ!]ϋY…ΐtd‹…`‹,1078561341 
‰½θύπ‰µπύΒ‰…ψύ‹…ΰύΑ‰…τύΟ‰όύλM‹‰…άύ‹C‰…δύ‹C‰…ΰύ‹C‰…θύµ ύµ°ύ…πύPS…xώP…ώPθvΘƒΔµ`θ!]ϋY…ΐtd‹…`‹,1078561341 
‰½θύπ‰µπύΒ‰…ψύ‹…ΰύΑ‰…τύΟ‰όύλM‹‰…άύ‹C‰…δύ‹C‰…ΰύ‹C‰…θύµ ύµ°ύ…πύPS…xώP…ώPθvΘƒΔµ`θ!]ϋY…ΐtd‹…`‹,1078561341 
‰½θύπ‰µπύΒ‰…ψύ‹…ΰύΑ‰…τύΟ‰όύλM‹‰…άύ‹C‰…δύ‹C‰…ΰύ‹C‰…θύµ ύµ°ύ…πύPS…xώP…ώPθvΘƒΔµ`θ!]ϋY…ΐtd‹…`‹,1078561341 
‰½θύπ‰µπύΒ‰…ψύ‹…ΰύΑ‰…τύΟ‰όύλM‹‰…άύ‹C‰…δύ‹C‰…ΰύ‹C‰…θύµ ύµ°ύ…πύPS…xώP…ώPθvΘƒΔµ`θ!]ϋY…ΐtd‹…`‹,1078561341 
‰½θύπ‰µπύΒ‰…ψύ‹…ΰύΑ‰…τύΟ‰όύλM‹‰…άύ‹C‰…δύ‹C‰…ΰύ‹C‰…θύµ ύµ°ύ…πύPS…xώP…ώPθvΘƒΔµ`θ!]ϋY…ΐtd‹…`‹,1078561341 
‰½θύπ‰µπύΒ‰…ψύ‹…ΰύΑ‰…τύΟ‰όύλM‹‰…άύ‹C‰…δύ‹C‰…ΰύ‹C‰…θύµ ύµ°ύ…πύPS…xώP…ώPθvΘƒΔµ`θ!]ϋY…ΐtd‹…`‹,1078561341 
‰½θύπ‰µπύΒ‰…ψύ‹…ΰύΑ‰…τύΟ‰όύλM‹‰…άύ‹C‰…δύ‹C‰…ΰύ‹C‰…θύµ ύµ°ύ…πύPS…xώP…ώPθvΘƒΔµ`θ!]ϋY…ΐtd‹…`‹,1078561341 
‰½θύπ‰µπύΒ‰…ψύ‹…ΰύΑ‰…τύΟ‰όύλM‹‰…άύ‹C‰…δύ‹C‰…ΰύ‹C‰…θύµ ύµ°ύ…πύPS…xώP…ώPθvΘƒΔµ`θ!]ϋY…ΐtd‹…`‹,1078561341 
‰½θύπ‰µπύΒ‰…ψύ‹…ΰύΑ‰…τύΟ‰όύλM‹‰…άύ‹C‰…δύ‹C‰…ΰύ‹C‰…θύµ ύµ°ύ…πύPS…xώP…ώPθvΘƒΔµ`θ!]ϋY…ΐtd‹…`‹,1078561341 
‰½θύπ‰µπύΒ‰…ψύ‹…ΰύΑ‰…τύΟ‰όύλM‹‰…άύ‹C‰…δύ‹C‰…ΰύ‹C‰…θύµ ύµ°ύ…πύPS…xώP…ώPθvΘƒΔµ`θ!]ϋY…ΐtd‹…`‹,1078561341 
‰½θύπ‰µπύΒ‰…ψύ‹…ΰύΑ‰…τύΟ‰όύλM‹‰…άύ‹C‰…δύ‹C‰…ΰύ‹C‰…θύµ ύµ°ύ…πύPS…xώP…ώPθvΘƒΔµ`θ!]ϋY…ΐtd‹…`‹,1078561341 
‰½θύπ‰µπύΒ‰…ψύ‹…ΰύΑ‰…τύΟ‰όύλM‹‰…άύ‹C‰…δύ‹C‰…ΰύ‹C‰…θύµ ύµ°ύ…πύPS…xώP…ώPθvΘƒΔµ`θ!]ϋY…ΐtd‹…`‹,1078561341 
‰½θύπ‰µπύΒ‰…ψύ‹…ΰύΑ‰…τύΟ‰όύλM‹‰…άύ‹C‰…δύ‹C‰…ΰύ‹C‰…θύµ ύµ°ύ…πύPS…xώP…ώPθvΘƒΔµ`θ!]ϋY…ΐtd‹…`‹,1078561341 
‰½θύπ‰µπύΒ‰…ψύ‹…ΰύΑ‰…τύΟ‰όύλM‹‰…άύ‹C‰…δύ‹C‰…ΰύ‹C‰…θύµ ύµ°ύ…πύPS…xώP…ώPθvΘƒΔµ`θ!]ϋY…ΐtd‹…`‹,1078561341 
‰½θύπ‰µπύΒ‰…ψύ‹…ΰύΑ‰…τύΟ‰όύλM‹‰…άύ‹C‰…δύ‹C‰…ΰύ‹C‰…θύµ ύµ°ύ…πύPS…xώP…ώPθvΘƒΔµ`θ!]ϋY…ΐtd‹…`‹,1078561341 
‰½θύπ‰µπύΒ‰…ψύ‹…ΰύΑ‰…τύΟ‰όύλM‹‰…άύ‹C‰…δύ‹C‰…ΰύ‹C‰…θύµ ύµ°ύ…πύPS…xώP…ώPθvΘƒΔµ`θ!]ϋY…ΐtd‹…`‹,1078561341 
‰½θύπ‰µπύΒ‰…ψύ‹…ΰύΑ‰…τύΟ‰όύλM‹‰…άύ‹C‰…δύ‹C‰…ΰύ‹C‰…θύµ ύµ°ύ…πύPS…xώP…ώPθvΘƒΔµ`θ!]ϋY…ΐtd‹…`‹,1078561341 
‰½θύπ‰µπύΒ‰…ψύ‹…ΰύΑ‰…τύΟ‰όύλM‹‰…άύ‹C‰…δύ‹C‰…ΰύ‹C‰…θύµ ύµ°ύ…πύPS…xώP…ώPθvΘƒΔµ`θ!]ϋY…ΐtd‹…`‹,1078561341 
‰½θύπ‰µπύΒ‰…ψύ‹…ΰύΑ‰…τύΟ‰όύλM‹‰…άύ‹C‰…δύ‹C‰…ΰύ‹C‰…θύµ ύµ°ύ…πύPS…xώP…ώPθvΘƒΔµ`θ!]ϋY…ΐtd‹…`‹,1078561341 
‰½θύπ‰µπύΒ‰…ψύ‹…ΰύΑ‰…τύΟ‰όύλM‹‰…άύ‹C‰…δύ‹C‰…ΰύ‹C‰…θύµ ύµ°ύ…πύPS…xώP…ώPθvΘƒΔµ`θ!]ϋY…ΐtd‹…`‹,1078561341 
‰½θύπ‰µπύΒ‰…ψύ‹…ΰύΑ‰…τύΟ‰όύλM‹‰…άύ‹C‰…δύ‹C‰…ΰύ‹C‰…θύµ ύµ°ύ…πύPS…xώP…ώPθvΘƒΔµ`θ!]ϋY…ΐtd‹…`‹,1078561341 
‰½θύπ‰µπύΒ‰…ψύ‹…ΰύΑ‰…τύΟ‰όύλM‹‰…άύ‹C‰…δύ‹C‰…ΰύ‹C‰…θύµ ύµ°ύ…πύPS…xώP…ώPθvΘƒΔµ`θ!]ϋY…ΐtd‹…`‹,1078561341 
‰½θύπ‰µπύΒ‰…ψύ‹…ΰύΑ‰…τύΟ‰όύλM‹‰…άύ‹C‰…δύ‹C‰…ΰύ‹C‰…θύµ ύµ°ύ…πύPS…xώP…ώPθvΘƒΔµ`θ!]ϋY…ΐtd‹…`‹,1078561341 
‰½θύπ‰µπύΒ‰…ψύ‹…ΰύΑ‰…τύΟ‰όύλM‹‰…άύ‹C‰…δύ‹C‰…ΰύ‹C‰…θύµ ύµ°ύ…πύPS…xώP…ώPθvΘƒΔµ`θ!]ϋY…ΐtd‹…`‹,1078561341 
‰½θύπ‰µπύΒ‰…ψύ‹…ΰύΑ‰…τύΟ‰όύλM‹‰…άύ‹C‰…δύ‹C‰…ΰύ‹C‰…θύµ ύµ°ύ…πύPS…xώP…ώPθvΘƒΔµ`θ!]ϋY…ΐtd‹…`‹,1078561341 
‰½θύπ‰µπύΒ‰…ψύ‹…ΰύΑ‰…τύΟ‰όύλM‹‰…άύ‹C‰…δύ‹C‰…ΰύ‹C‰…θύµ ύµ°ύ…πύPS…xώP…ώPθvΘƒΔµ`θ!]ϋY…ΐtd‹…`‹,1078561341 
‰½θύπ‰µπύΒ‰…ψύ‹…ΰύΑ‰…τύΟ‰όύλM‹‰…άύ‹C‰…δύ‹C‰…ΰύ‹C‰…θύµ ύµ°ύ…πύPS…xώP…ώPθvΘƒΔµ`θ!]ϋY…ΐtd‹…`‹,1078561341 
‰½θύπ‰µπύΒ‰…ψύ‹…ΰύΑ‰…τύΟ‰όύλM‹‰…άύ‹C‰…δύ‹C‰…ΰύ‹C‰…θύµ ύµ°ύ…πύPS…xώP…ώPθvΘƒΔµ`θ!]ϋY…ΐtd‹…`‹,1078561341 
‰½θύπ‰µπύΒ‰…ψύ‹…ΰύΑ‰…τύΟ‰όύλM‹‰…άύ‹C‰…δύ‹C‰…ΰύ‹C‰…θύµ ύµ°ύ…πύPS…xώP…ώPθvΘƒΔµ`θ!]ϋY…ΐtd‹…`‹,1078561341 
‰½θύπ‰µπύΒ‰…ψύ‹…ΰύΑ‰…τύΟ‰όύλM‹‰…άύ‹C‰…δύ‹C‰…ΰύ‹C‰…θύµ ύµ°ύ…πύPS…xώP…ώPθvΘƒΔµ`θ!]ϋY…ΐtd‹…`‹,1078561341 
‰½θύπ‰µπύΒ‰…ψύ‹…ΰύΑ‰…τύΟ‰όύλM‹‰…άύ‹C‰…δύ‹C‰…ΰύ‹C‰…θύµ ύµ°ύ…πύPS…xώP…ώPθvΘƒΔµ`θ!]ϋY…ΐtd‹…`‹,1078561341 
‰½θύπ‰µπύΒ‰…ψύ‹…ΰύΑ‰…τύΟ‰όύλM‹‰…άύ‹C‰…δύ‹C‰…ΰύ‹C‰…θύµ ύµ°ύ…πύPS…xώP…ώPθvΘƒΔµ`θ!]ϋY…ΐtd‹…`‹,1078561341 
‰½θύπ‰µπύΒ‰…ψύ‹…ΰύΑ‰…τύΟ‰όύλM‹‰…άύ‹C‰…δύ‹C‰…ΰύ‹C‰…θύµ ύµ°ύ…πύPS…xώP…ώPθvΘƒΔµ`θ!]ϋY…ΐtd‹…`‹,1078561341 
‰½θύπ‰µπύΒ‰…ψύ‹…ΰύΑ‰…τύΟ‰όύλM‹‰…άύ‹C‰…δύ‹C‰…ΰύ‹C‰…θύµ ύµ°ύ…πύPS…xώP…ώPθvΘƒΔµ`θ!]ϋY…ΐtd‹…`‹,1078561341 
‰½θύπ‰µπύΒ‰…ψύ‹…ΰύΑ‰…τύΟ‰όύλM‹‰…άύ‹C‰…δύ‹C‰…ΰύ‹C‰…θύµ ύµ°ύ…πύPS…xώP…ώPθvΘƒΔµ`θ!]ϋY…ΐtd‹…`‹,1078561341 
‰½θύπ‰µπύΒ‰…ψύ‹…ΰύΑ‰…τύΟ‰όύλM‹‰…άύ‹C‰…δύ‹C‰…ΰύ‹C‰…θύµ ύµ°ύ…πύPS…xώP…ώPθvΘƒΔµ`θ!]ϋY…ΐtd‹…`‹,1078561341 
‰½θύπ‰µπύΒ‰…ψύ‹…ΰύΑ‰…τύΟ‰όύλM‹‰…άύ‹C‰…δύ‹C‰…ΰύ‹C‰…θύµ ύµ°ύ…πύPS…xώP…ώPθvΘƒΔµ`θ!]ϋY…ΐtd‹…`‹,1078561341 
‰½θύπ‰µπύΒ‰…ψύ‹…ΰύΑ‰…τύΟ‰όύλM‹‰…άύ‹C‰…δύ‹C‰…ΰύ‹C‰…θύµ ύµ°ύ…πύPS…xώP…ώPθvΘƒΔµ`θ!]ϋY…ΐtd‹…`‹,1078561341 
‰½θύπ‰µπύΒ‰…ψύ‹…ΰύΑ‰…τύΟ‰όύλM‹‰…άύ‹C‰…δύ‹C‰…ΰύ‹C‰…θύµ ύµ°ύ…πύPS…xώP…ώPθvΘƒΔµ`θ!]ϋY…ΐtd‹…`‹,1078561341 
‰½θύπ‰µπύΒ‰…ψύ‹…ΰύΑ‰…τύΟ‰όύλM‹‰…άύ‹C‰…δύ‹C‰…ΰύ‹C‰…θύµ ύµ°ύ…πύPS…xώP…ώPθvΘƒΔµ`θ!]ϋY…ΐtd‹…`‹,1078561341 
‰½θύπ‰µπύΒ‰…ψύ‹…ΰύΑ‰…τύΟ‰όύλM‹‰…άύ‹C‰…δύ‹C‰…ΰύ‹C‰…θύµ ύµ°ύ…πύPS…xώP…ώPθvΘƒΔµ`θ!]ϋY…ΐtd‹…`‹,1078561341 
‰½θύπ‰µπύΒ‰…ψύ‹…ΰύΑ‰…τύΟ‰όύλM‹‰…άύ‹C‰…δύ‹C‰…ΰύ‹C‰…θύµ ύµ°ύ…πύPS…xώP…ώPθvΘƒΔµ`θ!]ϋY…ΐtd‹…`‹,1078561341 
‰½θύπ‰µπύΒ‰…ψύ‹…ΰύΑ‰…τύΟ‰όύλM‹‰…άύ‹C‰…δύ‹C‰…ΰύ‹C‰…θύµ ύµ°ύ…πύPS…xώP…ώPθvΘƒΔµ`θ!]ϋY…ΐtd‹…`‹,1078561341 
‰½θύπ‰µπύΒ‰…ψύ‹…ΰύΑ‰…τύΟ‰όύλM‹‰…άύ‹C‰…δύ‹C‰…ΰύ‹C‰…θύµ ύµ°ύ…πύPS…xώP…ώPθvΘƒΔµ`θ!]ϋY…ΐtd‹…`‹,1078561341 
‰½θύπ‰µπύΒ‰…ψύ‹…ΰύΑ‰…τύΟ‰όύλM‹‰…άύ‹C‰…δύ‹C‰…ΰύ‹C‰…θύµ ύµ°ύ…πύPS…xώP…ώPθvΘƒΔµ`θ!]ϋY…ΐtd‹…`‹,1078561341 
‰½θύπ‰µπύΒ‰…ψύ‹…ΰύΑ‰…τύΟ‰όύλM‹‰…άύ‹C‰…δύ‹C‰…ΰύ‹C‰…θύµ ύµ°ύ…πύPS…xώP…ώPθvΘƒΔµ`θ!]ϋY…ΐtd‹…`‹,1078561341 
‰½θύπ‰µπύΒ‰…ψύ‹…ΰύΑ‰…τύΟ‰όύλM‹‰…άύ‹C‰…δύ‹C‰…ΰύ‹C‰…θύµ ύµ°ύ…πύPS…xώP…ώPθvΘƒΔµ`θ!]ϋY…ΐtd‹…`‹,1078561341 
‰½θύπ‰µπύΒ‰…ψύ‹…ΰύΑ‰…τύΟ‰όύλM‹‰…άύ‹C‰…δύ‹C‰…ΰύ‹C‰…θύµ ύµ°ύ…πύPS…xώP…ώPθvΘƒΔµ`θ!]ϋY…ΐtd‹…`‹,1078561341 
‰½θύπ‰µπύΒ‰…ψύ‹…ΰύΑ‰…τύΟ‰όύλM‹‰…άύ‹C‰…δύ‹C‰…ΰύ‹C‰…θύµ ύµ°ύ…πύPS…xώP…ώPθvΘƒΔµ`θ!]ϋY…ΐtd‹…`‹,1078561341 
‰½θύπ‰µπύΒ‰…ψύ‹…ΰύΑ‰…τύΟ‰όύλM‹‰…άύ‹C‰…δύ‹C‰…ΰύ‹C‰…θύµ ύµ°ύ…πύPS…xώP…ώPθvΘƒΔµ`θ!]ϋY…ΐtd‹…`‹,1078561341 
‰½θύπ‰µπύΒ‰…ψύ‹…ΰύΑ‰…τύΟ‰όύλM‹‰…άύ‹C‰…δύ‹C‰…ΰύ‹C‰…θύµ ύµ°ύ…πύPS…xώP…ώPθvΘƒΔµ`θ!]ϋY…ΐtd‹…`‹,1078561341 
‰½θύπ‰µπύΒ‰…ψύ‹…ΰύΑ‰…τύΟ‰όύλM‹‰…άύ‹C‰…δύ‹C‰…ΰύ‹C‰…θύµ ύµ°ύ…πύPS…xώP…ώPθvΘƒΔµ`θ!]ϋY…ΐtd‹…`‹,1078561341 
‰½θύπ‰µπύΒ‰…ψύ‹…ΰύΑ‰…τύΟ‰όύλM‹‰…άύ‹C‰…δύ‹C‰…ΰύ‹C‰…θύµ ύµ°ύ…πύPS…xώP…ώPθvΘƒΔµ`θ!]ϋY…ΐtd‹…`‹,1078561341 
‰½θύπ‰µπύΒ‰…ψύ‹…ΰύΑ‰…τύΟ‰όύλM‹‰…άύ‹C‰…δύ‹C‰…ΰύ‹C‰…θύµ ύµ°ύ…πύPS…xώP…ώPθvΘƒΔµ`θ!]ϋY…ΐtd‹…`‹,1078561341 
‰½θύπ‰µπύΒ‰…ψύ‹…ΰύΑ‰…τύΟ‰όύλM‹‰…άύ‹C‰…δύ‹C‰…ΰύ‹C‰…θύµ ύµ°ύ…πύPS…xώP…ώPθvΘƒΔµ`θ!]ϋY…ΐtd‹…`‹,1078561341 
‰½θύπ‰µπύΒ‰…ψύ‹…ΰύΑ‰…τύΟ‰όύλM‹‰…άύ‹C‰…δύ‹C‰…ΰύ‹C‰…θύµ ύµ°ύ…πύPS…xώP…ώPθvΘƒΔµ`θ!]ϋY…ΐtd‹…`‹,1078561341 
‰½θύπ‰µπύΒ‰…ψύ‹…ΰύΑ‰…τύΟ‰όύλM‹‰…άύ‹C‰…δύ‹C‰…ΰύ‹C‰…θύµ ύµ°ύ…πύPS…xώP…ώPθvΘƒΔµ`θ!]ϋY…ΐtd‹…`‹,1078561341 
‰½θύπ‰µπύΒ‰…ψύ‹…ΰύΑ‰…τύΟ‰όύλM‹‰…άύ‹C‰…δύ‹C‰…ΰύ‹C‰…θύµ ύµ°ύ…πύPS…xώP…ώPθvΘƒΔµ`θ!]ϋY…ΐtd‹…`‹,1078561341 
‰½θύπ‰µπύΒ‰…ψύ‹…ΰύΑ‰…τύΟ‰όύλM‹‰…άύ‹C‰…δύ‹C‰…ΰύ‹C‰…θύµ ύµ°ύ…πύPS…xώP…ώPθvΘƒΔµ`θ!]ϋY…ΐtd‹…`‹,1078561341 
‰½θύπ‰µπύΒ‰…ψύ‹…ΰύΑ‰…τύΟ‰όύλM‹‰…άύ‹C‰…δύ‹C‰…ΰύ‹C‰…θύµ ύµ°ύ…πύPS…xώP…ώPθvΘƒΔµ`θ!]ϋY…ΐtd‹…`‹,1078561341 
‰½θύπ‰µπύΒ‰…ψύ‹…ΰύΑ‰…τύΟ‰όύλM‹‰…άύ‹C‰…δύ‹C‰…ΰύ‹C‰…θύµ ύµ°ύ…πύPS…xώP…ώPθvΘƒΔµ`θ!]ϋY…ΐtd‹…`‹,1078561341 
‰½θύπ‰µπύΒ‰…ψύ‹…ΰύΑ‰…τύΟ‰όύλM‹‰…άύ‹C‰…δύ‹C‰…ΰύ‹C‰…θύµ ύµ°ύ…πύPS…xώP…ώPθvΘƒΔµ`θ!]ϋY…ΐtd‹…`‹,1078561341 
‰½θύπ‰µπύΒ‰…ψύ‹…ΰύΑ‰…τύΟ‰όύλM‹‰…άύ‹C‰…δύ‹C‰…ΰύ‹C‰…θύµ ύµ°ύ…πύPS…xώP…ώPθvΘƒΔµ`θ!]ϋY…ΐtd‹…`‹,1078561341 
‰½θύπ‰µπύΒ‰…ψύ‹…ΰύΑ‰…τύΟ‰όύλM‹‰…άύ‹C‰…δύ‹C‰…ΰύ‹C‰…θύµ ύµ°ύ…πύPS…xώP…ώPθvΘƒΔµ`θ!]ϋY…ΐtd‹…`‹,1078561341 
‰½θύπ‰µπύΒ‰…ψύ‹…ΰύΑ‰…τύΟ‰όύλM‹‰…άύ‹C‰…δύ‹C‰…ΰύ‹C‰…θύµ ύµ°ύ…πύPS…xώP…ώPθvΘƒΔµ`θ!]ϋY…ΐtd‹…`‹,1078561341 
‰½θύπ‰µπύΒ‰…ψύ‹…ΰύΑ‰…τύΟ‰όύλM‹‰…άύ‹C‰…δύ‹C‰…ΰύ‹C‰…θύµ ύµ°ύ…πύPS…xώP…ώPθvΘƒΔµ`θ!]ϋY…ΐtd‹…`‹,1078561341 
‰½θύπ‰µπύΒ‰…ψύ‹…ΰύΑ‰…τύΟ‰όύλM‹‰…άύ‹C‰…δύ‹C‰…ΰύ‹C‰…θύµ ύµ°ύ…πύPS…xώP…ώPθvΘƒΔµ`θ!]ϋY…ΐtd‹…`‹,1078561341 
‰½θύπ‰µπύΒ‰…ψύ‹…ΰύΑ‰…τύΟ‰όύλM‹‰…άύ‹C‰…δύ‹C‰…ΰύ‹C‰…θύµ ύµ°ύ…πύPS…xώP…ώPθvΘƒΔµ`θ!]ϋY…ΐtd‹…`‹,1078561341 
‰½θύπ‰µπύΒ‰…ψύ‹…ΰύΑ‰…τύΟ‰όύλM‹‰…άύ‹C‰…δύ‹C‰…ΰύ‹C‰…θύµ ύµ°ύ…πύPS…xώP…ώPθvΘƒΔµ`θ!]ϋY…ΐtd‹…`‹,1078561341 
‰½θύπ‰µπύΒ‰…ψύ‹…ΰύΑ‰…τύΟ‰όύλM‹‰…άύ‹C‰…δύ‹C‰…ΰύ‹C‰…θύµ ύµ°ύ…πύPS…xώP…ώPθvΘƒΔµ`θ!]ϋY…ΐtd‹…`‹,1078561341 
‰½θύπ‰µπύΒ‰…ψύ‹…ΰύΑ‰…τύΟ‰όύλM‹‰…άύ‹C‰…δύ‹C‰…ΰύ‹C‰…θύµ ύµ°ύ…πύPS…xώP…ώPθvΘƒΔµ`θ!]ϋY…ΐtd‹…`‹,1078561341 
‰½θύπ‰µπύΒ‰…ψύ‹…ΰύΑ‰…τύΟ‰όύλM‹‰…άύ‹C‰…δύ‹C‰…ΰύ‹C‰…θύµ ύµ°ύ…πύPS…xώP…ώPθvΘƒΔµ`θ!]ϋY…ΐtd‹…`‹,1078561341 
‰½θύπ‰µπύΒ‰…ψύ‹…ΰύΑ‰…τύΟ‰όύλM‹‰…άύ‹C‰…δύ‹C‰…ΰύ‹C‰…θύµ ύµ°ύ…πύPS…xώP…ώPθvΘƒΔµ`θ!]ϋY…ΐtd‹…`‹,1078561341 
‰½θύπ‰µπύΒ‰…ψύ‹…ΰύΑ‰…τύΟ‰όύλM‹‰…άύ‹C‰…δύ‹C‰…ΰύ‹C‰…θύµ ύµ°ύ…πύPS…xώP…ώPθvΘƒΔµ`θ!]ϋY…ΐtd‹…`‹,1078561341 
‰½θύπ‰µπύΒ‰…ψύ‹…ΰύΑ‰…τύΟ‰όύλM‹‰…άύ‹C‰…δύ‹C‰…ΰύ‹C‰…θύµ ύµ°ύ…πύPS…xώP…ώPθvΘƒΔµ`θ!]ϋY…ΐtd‹…`‹,1078561341 
‰½θύπ‰µπύΒ‰…ψύ‹…ΰύΑ‰…τύΟ‰όύλM‹‰…άύ‹C‰…δύ‹C‰…ΰύ‹C‰…θύµ ύµ°ύ…πύPS…xώP…ώPθvΘƒΔµ`θ!]ϋY…ΐtd‹…`‹,1078561341 
‰½θύπ‰µπύΒ‰…ψύ‹…ΰύΑ‰…τύΟ‰όύλM‹‰…άύ‹C‰…δύ‹C‰…ΰύ‹C‰…θύµ ύµ°ύ…πύPS…xώP…ώPθvΘƒΔµ`θ!]ϋY…ΐtd‹…`‹,1078561341 
‰½θύπ‰µπύΒ‰…ψύ‹…ΰύΑ‰…τύΟ‰όύλM‹‰…άύ‹C‰…δύ‹C‰…ΰύ‹C‰…θύµ ύµ°ύ…πύPS…xώP…ώPθvΘƒΔµ`θ!]ϋY…ΐtd‹…`‹,1078561341 
‰½θύπ‰µπύΒ‰…ψύ‹…ΰύΑ‰…τύΟ‰όύλM‹‰…άύ‹C‰…δύ‹C‰…ΰύ‹C‰…θύµ ύµ°ύ…πύPS…xώP…ώPθvΘƒΔµ`θ!]ϋY…ΐtd‹…`‹,1078561341 
‰½θύπ‰µπύΒ‰…ψύ‹…ΰύΑ‰…τύΟ‰όύλM‹‰…άύ‹C‰…δύ‹C‰…ΰύ‹C‰…θύµ ύµ°ύ…πύPS…xώP…ώPθvΘƒΔµ`θ!]ϋY…ΐtd‹…`‹,1078561341 
‰½θύπ‰µπύΒ‰…ψύ‹…ΰύΑ‰…τύΟ‰όύλM‹‰…άύ‹C‰…δύ‹C‰…ΰύ‹C‰…θύµ ύµ°ύ…πύPS…xώP…ώPθvΘƒΔµ`θ!]ϋY…ΐtd‹…`‹,1078561341 
‰½θύπ‰µπύΒ‰…ψύ‹…ΰύΑ‰…τύΟ‰όύλM‹‰…άύ‹C‰…δύ‹C‰…ΰύ‹C‰…θύµ ύµ°ύ…πύPS…xώP…ώPθvΘƒΔµ`θ!]ϋY…ΐtd‹…`‹,1078561341 
‰½θύπ‰µπύΒ‰…ψύ‹…ΰύΑ‰…τύΟ‰όύλM‹‰…άύ‹C‰…δύ‹C‰…ΰύ‹C‰…θύµ ύµ°ύ…πύPS…xώP…ώPθvΘƒΔµ`θ!]ϋY…ΐtd‹…`‹,1078561341 
‰½θύπ‰µπύΒ‰…ψύ‹…ΰύΑ‰…τύΟ‰όύλM‹‰…άύ‹C‰…δύ‹C‰…ΰύ‹C‰…θύµ ύµ°ύ…πύPS…xώP…ώPθvΘƒΔµ`θ!]ϋY…ΐtd‹…`‹,1078561341 
‰½θύπ‰µπύΒ‰…ψύ‹…ΰύΑ‰…τύΟ‰όύλM‹‰…άύ‹C‰…δύ‹C‰…ΰύ‹C‰…θύµ ύµ°ύ…πύPS…xώP…ώPθvΘƒΔµ`θ!]ϋY…ΐtd‹…`‹,1078561341 
‰½θύπ‰µπύΒ‰…ψύ‹…ΰύΑ‰…τύΟ‰όύλM‹‰…άύ‹C‰…δύ‹C‰…ΰύ‹C‰…θύµ ύµ°ύ…πύPS…xώP…ώPθvΘƒΔµ`θ!]ϋY…ΐtd‹…`‹,1078561341 
‰½θύπ‰µπύΒ‰…ψύ‹…ΰύΑ‰…τύΟ‰όύλM‹‰…άύ‹C‰…δύ‹C‰…ΰύ‹C‰…θύµ ύµ°ύ…πύPS…xώP…ώPθvΘƒΔµ`θ!]ϋY…ΐtd‹…`‹,1078561341 
‰½θύπ‰µπύΒ‰…ψύ‹…ΰύΑ‰…τύΟ‰όύλM‹‰…άύ‹C‰…δύ‹C‰…ΰύ‹C‰…θύµ ύµ°ύ…πύPS…xώP…ώPθvΘƒΔµ`θ!]ϋY…ΐtd‹…`‹,1078561341 
‰½θύπ‰µπύΒ‰…ψύ‹…ΰύΑ‰…τύΟ‰όύλM‹‰…άύ‹C‰…δύ‹C‰…ΰύ‹C‰…θύµ ύµ°ύ…πύPS…xώP…ώPθvΘƒΔµ`θ!]ϋY…ΐtd‹…`‹,1078561341 
‰½θύπ‰µπύΒ‰…ψύ‹…ΰύΑ‰…τύΟ‰όύλM‹‰…άύ‹C‰…δύ‹C‰…ΰύ‹C‰…θύµ ύµ°ύ…πύPS…xώP…ώPθvΘƒΔµ`θ!]ϋY…ΐtd‹…`‹,1078561341 
‰½θύπ‰µπύΒ‰…ψύ‹…ΰύΑ‰…τύΟ‰όύλM‹‰…άύ‹C‰…δύ‹C‰…ΰύ‹C‰…θύµ ύµ°ύ…πύPS…xώP…ώPθvΘƒΔµ`θ!]ϋY…ΐtd‹…`‹,1078561341 
‰½θύπ‰µπύΒ‰…ψύ‹…ΰύΑ‰…τύΟ‰όύλM‹‰…άύ‹C‰…δύ‹C‰…ΰύ‹C‰…θύµ ύµ°ύ…πύPS…xώP…ώPθvΘƒΔµ`θ!]ϋY…ΐtd‹…`‹,1078561341 
‰½θύπ‰µπύΒ‰…ψύ‹…ΰύΑ‰…τύΟ‰όύλM‹‰…άύ‹C‰…δύ‹C‰…ΰύ‹C‰…θύµ ύµ°ύ…πύPS…xώP…ώPθvΘƒΔµ`θ!]ϋY…ΐtd‹…`‹,1078561341 
‰½θύπ‰µπύΒ‰…ψύ‹…ΰύΑ‰…τύΟ‰όύλM‹‰…άύ‹C‰…δύ‹C‰…ΰύ‹C‰…θύµ ύµ°ύ…πύPS…xώP…ώPθvΘƒΔµ`θ!]ϋY…ΐtd‹…`‹,1078561341 
‰½θύπ‰µπύΒ‰…ψύ‹…ΰύΑ‰…τύΟ‰όύλM‹‰…άύ‹C‰…δύ‹C‰…ΰύ‹C‰…θύµ ύµ°ύ…πύPS…xώP…ώPθvΘƒΔµ`θ!]ϋY…ΐtd‹…`‹,1078561341 
‰½θύπ‰µπύΒ‰…ψύ‹…ΰύΑ‰…τύΟ‰όύλM‹‰…άύ‹C‰…δύ‹C‰…ΰύ‹C‰…θύµ ύµ°ύ…πύPS…xώP…ώPθvΘƒΔµ`θ!]ϋY…ΐtd‹…`‹,1078561341 
‰½θύπ‰µπύΒ‰…ψύ‹…ΰύΑ‰…τύΟ‰όύλM‹‰…άύ‹C‰…δύ‹C‰…ΰύ‹C‰…θύµ ύµ°ύ…πύPS…xώP…ώPθvΘƒΔµ`θ!]ϋY…ΐtd‹…`‹,1078561341 
‰½θύπ‰µπύΒ‰…ψύ‹…ΰύΑ‰…τύΟ‰όύλM‹‰…άύ‹C‰…δύ‹C‰…ΰύ‹C‰…θύµ ύµ°ύ…πύPS…xώP…ώPθvΘƒΔµ`θ!]ϋY…ΐtd‹…`‹,1078561341 
‰½θύπ‰µπύΒ‰…ψύ‹…ΰύΑ‰…τύΟ‰όύλM‹‰…άύ‹C‰…δύ‹C‰…ΰύ‹C‰…θύµ ύµ°ύ…πύPS…xώP…ώPθvΘƒΔµ`θ!]ϋY…ΐtd‹…`‹,1078561341 
‰½θύπ‰µπύΒ‰…ψύ‹…ΰύΑ‰…τύΟ‰όύλM‹‰…άύ‹C‰…δύ‹C‰…ΰύ‹C‰…θύµ ύµ°ύ…πύPS…xώP…ώPθvΘƒΔµ`θ!]ϋY…ΐtd‹…`‹,1078561341 
‰½θύπ‰µπύΒ‰…ψύ‹…ΰύΑ‰…τύΟ‰όύλM‹‰…άύ‹C‰…δύ‹C‰…ΰύ‹C‰…θύµ ύµ°ύ…πύPS…xώP…ώPθvΘƒΔµ`θ!]ϋY…ΐtd‹…`‹,1078561341 
‰½θύπ‰µπύΒ‰…ψύ‹…ΰύΑ‰…τύΟ‰όύλM‹‰…άύ‹C‰…δύ‹C‰…ΰύ‹C‰…θύµ ύµ°ύ…πύPS…xώP…ώPθvΘƒΔµ`θ!]ϋY…ΐtd‹…`‹,1078561341 
‰½θύπ‰µπύΒ‰…ψύ‹…ΰύΑ‰…τύΟ‰όύλM‹‰…άύ‹C‰…δύ‹C‰…ΰύ‹C‰…θύµ ύµ°ύ…πύPS…xώP…ώPθvΘƒΔµ`θ!]ϋY…ΐtd‹…`‹,1078561341 
‰½θύπ‰µπύΒ‰…ψύ‹…ΰύΑ‰…τύΟ‰όύλM‹‰…άύ‹C‰…δύ‹C‰…ΰύ‹C‰…θύµ ύµ°ύ…πύPS…xώP…ώPθvΘƒΔµ`θ!]ϋY…ΐtd‹…`‹,1078561341 
‰½θύπ‰µπύΒ‰…ψύ‹…ΰύΑ‰…τύΟ‰όύλM‹‰…άύ‹C‰…δύ‹C‰…ΰύ‹C‰…θύµ ύµ°ύ…πύPS…xώP…ώPθvΘƒΔµ`θ!]ϋY…ΐtd‹…`‹,1078561341 
‰½θύπ‰µπύΒ‰…ψύ‹…ΰύΑ‰…τύΟ‰όύλM‹‰…άύ‹C‰…δύ‹C‰…ΰύ‹C‰…θύµ ύµ°ύ…πύPS…xώP…ώPθvΘƒΔµ`θ!]ϋY…ΐtd‹…`‹,1078561341 
‰½θύπ‰µπύΒ‰…ψύ‹…ΰύΑ‰…τύΟ‰όύλM‹‰…άύ‹C‰…δύ‹C‰…ΰύ‹C‰…θύµ ύµ°ύ…πύPS…xώP…ώPθvΘƒΔµ`θ!]ϋY…ΐtd‹…`‹,1078561341 
‰½θύπ‰µπύΒ‰…ψύ‹…ΰύΑ‰…τύΟ‰όύλM‹‰…άύ‹C‰…δύ‹C‰…ΰύ‹C‰…θύµ ύµ°ύ…πύPS…xώP…ώPθvΘƒΔµ`θ!]ϋY…ΐtd‹…`‹,1078561341 
‰½θύπ‰µπύΒ‰…ψύ‹…ΰύΑ‰…τύΟ‰όύλM‹‰…άύ‹C‰…δύ‹C‰…ΰύ‹C‰…θύµ ύµ°ύ…πύPS…xώP…ώPθvΘƒΔµ`θ!]ϋY…ΐtd‹…`‹,1078561341 
‰½θύπ‰µπύΒ‰…ψύ‹…ΰύΑ‰…τύΟ‰όύλM‹‰…άύ‹C‰…δύ‹C‰…ΰύ‹C‰…θύµ ύµ°ύ…πύPS…xώP…ώPθvΘƒΔµ`θ!]ϋY…ΐtd‹…`‹,1078561341 
‰½θύπ‰µπύΒ‰…ψύ‹…ΰύΑ‰…τύΟ‰όύλM‹‰…άύ‹C‰…δύ‹C‰…ΰύ‹C‰…θύµ ύµ°ύ…πύPS…xώP…ώPθvΘƒΔµ`θ!]ϋY…ΐtd‹…`‹,1078561341 
‰½θύπ‰µπύΒ‰…ψύ‹…ΰύΑ‰…τύΟ‰όύλM‹‰…άύ‹C‰…δύ‹C‰…ΰύ‹C‰…θύµ ύµ°ύ…πύPS…xώP…ώPθvΘƒΔµ`θ!]ϋY…ΐtd‹…`‹,1078561341 
‰½θύπ‰µπύΒ‰…ψύ‹…ΰύΑ‰…τύΟ‰όύλM‹‰…άύ‹C‰…δύ‹C‰…ΰύ‹C‰…θύµ ύµ°ύ…πύPS…xώP…ώPθvΘƒΔµ`θ!]ϋY…ΐtd‹…`‹,1078561341 
‰½θύπ‰µπύΒ‰…ψύ‹…ΰύΑ‰…τύΟ‰όύλM‹‰…άύ‹C‰…δύ‹C‰…ΰύ‹C‰…θύµ ύµ°ύ…πύPS…xώP…ώPθvΘƒΔµ`θ!]ϋY…ΐtd‹…`‹,1078561341 
‰½θύπ‰µπύΒ‰…ψύ‹…ΰύΑ‰…τύΟ‰όύλM‹‰…άύ‹C‰…δύ‹C‰…ΰύ‹C‰…θύµ ύµ°ύ…πύPS…xώP…ώPθvΘƒΔµ`θ!]ϋY…ΐtd‹…`‹,1078561341 
‰½θύπ‰µπύΒ‰…ψύ‹…ΰύΑ‰…τύΟ‰όύλM‹‰…άύ‹C‰…δύ‹C‰…ΰύ‹C‰…θύµ ύµ°ύ…πύPS…xώP…ώPθvΘƒΔµ`θ!]ϋY…ΐtd‹…`‹,1078561341 
‰½θύπ‰µπύΒ‰…ψύ‹…ΰύΑ‰…τύΟ‰όύλM‹‰…άύ‹C‰…δύ‹C‰…ΰύ‹C‰…θύµ ύµ°ύ…πύPS…xώP…ώPθvΘƒΔµ`θ!]ϋY…ΐtd‹…`‹,1078561341 
‰½θύπ‰µπύΒ‰…ψύ‹…ΰύΑ‰…τύΟ‰όύλM‹‰…άύ‹C‰…δύ‹C‰…ΰύ‹C‰…θύµ ύµ°ύ…πύPS…xώP…ώPθvΘƒΔµ`θ!]ϋY…ΐtd‹…`‹,1078561341 
‰½θύπ‰µπύΒ‰…ψύ‹…ΰύΑ‰…τύΟ‰όύλM‹‰…άύ‹C‰…δύ‹C‰…ΰύ‹C‰…θύµ ύµ°ύ…πύPS…xώP…ώPθvΘƒΔµ`θ!]ϋY…ΐtd‹…`‹,1078561341 
‰½θύπ‰µπύΒ‰…ψύ‹…ΰύΑ‰…τύΟ‰όύλM‹‰…άύ‹C‰…δύ‹C‰…ΰύ‹C‰…θύµ ύµ°ύ…πύPS…xώP…ώPθvΘƒΔµ`θ!]ϋY…ΐtd‹…`‹,1078561341 
‰½θύπ‰µπύΒ‰…ψύ‹…ΰύΑ‰…τύΟ‰όύλM‹‰…άύ‹C‰…δύ‹C‰…ΰύ‹C‰…θύµ ύµ°ύ…πύPS…xώP…ώPθvΘƒΔµ`θ!]ϋY…ΐtd‹…`‹,1078561341 
‰½θύπ‰µπύΒ‰…ψύ‹…ΰύΑ‰…τύΟ‰όύλM‹‰…άύ‹C‰…δύ‹C‰…ΰύ‹C‰…θύµ ύµ°ύ…πύPS…xώP…ώPθvΘƒΔµ`θ!]ϋY…ΐtd‹…`‹,1078561341 
‰½θύπ‰µπύΒ‰…ψύ‹…ΰύΑ‰…τύΟ‰όύλM‹‰…άύ‹C‰…δύ‹C‰…ΰύ‹C‰…θύµ ύµ°ύ…πύPS…xώP…ώPθvΘƒΔµ`θ!]ϋY…ΐtd‹…`‹,1078561341 
‰½θύπ‰µπύΒ‰…ψύ‹…ΰύΑ‰…τύΟ‰όύλM‹‰…άύ‹C‰…δύ‹C‰…ΰύ‹C‰…θύµ ύµ°ύ…πύPS…xώP…ώPθvΘƒΔµ`θ!]ϋY…ΐtd‹…`‹,1078561341 
‰½θύπ‰µπύΒ‰…ψύ‹…ΰύΑ‰…τύΟ‰όύλM‹‰…άύ‹C‰…δύ‹C‰…ΰύ‹C‰…θύµ ύµ°ύ…πύPS…xώP…ώPθvΘƒΔµ`θ!]ϋY…ΐtd‹…`‹,1078561341 
‰½θύπ‰µπύΒ‰…ψύ‹…ΰύΑ‰…τύΟ‰όύλM‹‰…άύ‹C‰…δύ‹C‰…ΰύ‹C‰…θύµ ύµ°ύ…πύPS…xώP…ώPθvΘƒΔµ`θ!]ϋY…ΐtd‹…`‹,1078561341 
‰½θύπ‰µπύΒ‰…ψύ‹…ΰύΑ‰…τύΟ‰όύλM‹‰…άύ‹C‰…δύ‹C‰…ΰύ‹C‰…θύµ ύµ°ύ…πύPS…xώP…ώPθvΘƒΔµ`θ!]ϋY…ΐtd‹…`‹,1078561341 
‰½θύπ‰µπύΒ‰…ψύ‹…ΰύΑ‰…τύΟ‰όύλM‹‰…άύ‹C‰…δύ‹C‰…ΰύ‹C‰…θύµ ύµ°ύ…πύPS…xώP…ώPθvΘƒΔµ`θ!]ϋY…ΐtd‹…`‹,1078561341 
‰½θύπ‰µπύΒ‰…ψύ‹…ΰύΑ‰…τύΟ‰όύλM‹‰…άύ‹C‰…δύ‹C‰…ΰύ‹C‰…θύµ ύµ°ύ…πύPS…xώP…ώPθvΘƒΔµ`θ!]ϋY…ΐtd‹…`‹,1078561341 
‰½θύπ‰µπύΒ‰…ψύ‹…ΰύΑ‰…τύΟ‰όύλM‹‰…άύ‹C‰…δύ‹C‰…ΰύ‹C‰…θύµ ύµ°ύ…πύPS…xώP…ώPθvΘƒΔµ`θ!]ϋY…ΐtd‹…`‹,1078561341 
‰½θύπ‰µπύΒ‰…ψύ‹…ΰύΑ‰…τύΟ‰όύλM‹‰…άύ‹C‰…δύ‹C‰…ΰύ‹C‰…θύµ ύµ°ύ…πύPS…xώP…ώPθvΘƒΔµ`θ!]ϋY…ΐtd‹…`‹,1078561341 
‰½θύπ‰µπύΒ‰…ψύ‹…ΰύΑ‰…τύΟ‰όύλM‹‰…άύ‹C‰…δύ‹C‰…ΰύ‹C‰…θύµ ύµ°ύ…πύPS…xώP…ώPθvΘƒΔµ`θ!]ϋY…ΐtd‹…`‹,1078561341 
‰½θύπ‰µπύΒ‰…ψύ‹…ΰύΑ‰…τύΟ‰όύλM‹‰…άύ‹C‰…δύ‹C‰…ΰύ‹C‰…θύµ ύµ°ύ…πύPS…xώP…ώPθvΘƒΔµ`θ!]ϋY…ΐtd‹…`‹,1078561341 
‰½θύπ‰µπύΒ‰…ψύ‹…ΰύΑ‰…τύΟ‰όύλM‹‰…άύ‹C‰…δύ‹C‰…ΰύ‹C‰…θύµ ύµ°ύ…πύPS…xώP…ώPθvΘƒΔµ`θ!]ϋY…ΐtd‹…`‹,1078561341 
‰½θύπ‰µπύΒ‰…ψύ‹…ΰύΑ‰…τύΟ‰όύλM‹‰…άύ‹C‰…δύ‹C‰…ΰύ‹C‰…θύµ ύµ°ύ…πύPS…xώP…ώPθvΘƒΔµ`θ!]ϋY…ΐtd‹…`‹,1078561341 
‰½θύπ‰µπύΒ‰…ψύ‹…ΰύΑ‰…τύΟ‰όύλM‹‰…άύ‹C‰…δύ‹C‰…ΰύ‹C‰…θύµ ύµ°ύ…πύPS…xώP…ώPθvΘƒΔµ`θ!]ϋY…ΐtd‹…`‹,1078561341 
‰½θύπ‰µπύΒ‰…ψύ‹…ΰύΑ‰…τύΟ‰όύλM‹‰…άύ‹C‰…δύ‹C‰…ΰύ‹C‰…θύµ ύµ°ύ…πύPS…xώP…ώPθvΘƒΔµ`θ!]ϋY…ΐtd‹…`‹,1078561341 
‰½θύπ‰µπύΒ‰…ψύ‹…ΰύΑ‰…τύΟ‰όύλM‹‰…άύ‹C‰…δύ‹C‰…ΰύ‹C‰…θύµ ύµ°ύ…πύPS…xώP…ώPθvΘƒΔµ`θ!]ϋY…ΐtd‹…`‹,1078561341 
‰½θύπ‰µπύΒ‰…ψύ‹…ΰύΑ‰…τύΟ‰όύλM‹‰…άύ‹C‰…δύ‹C‰…ΰύ‹C‰…θύµ ύµ°ύ…πύPS…xώP…ώPθvΘƒΔµ`θ!]ϋY…ΐtd‹…`‹,1078561341 
‰½θύπ‰µπύΒ‰…ψύ‹…ΰύΑ‰…τύΟ‰όύλM‹‰…άύ‹C‰…δύ‹C‰…ΰύ‹C‰…θύµ ύµ°ύ…πύPS…xώP…ώPθvΘƒΔµ`θ!]ϋY…ΐtd‹…`‹,1078561341 
‰½θύπ‰µπύΒ‰…ψύ‹…ΰύΑ‰…τύΟ‰όύλM‹‰…άύ‹C‰…δύ‹C‰…ΰύ‹C‰…θύµ ύµ°ύ…πύPS…xώP…ώPθvΘƒΔµ`θ!]ϋY…ΐtd‹…`‹,1078561341 
‰½θύπ‰µπύΒ‰…ψύ‹…ΰύΑ‰…τύΟ‰όύλM‹‰…άύ‹C‰…δύ‹C‰…ΰύ‹C‰…θύµ ύµ°ύ…πύPS…xώP…ώPθvΘƒΔµ`θ!]ϋY…ΐtd‹…`‹,1078561341 
‰½θύπ‰µπύΒ‰…ψύ‹…ΰύΑ‰…τύΟ‰όύλM‹‰…άύ‹C‰…δύ‹C‰…ΰύ‹C‰…θύµ ύµ°ύ…πύPS…xώP…ώPθvΘƒΔµ`θ!]ϋY…ΐtd‹…`‹,1078561341 
‰½θύπ‰µπύΒ‰…ψύ‹…ΰύΑ‰…τύΟ‰όύλM‹‰…άύ‹C‰…δύ‹C‰…ΰύ‹C‰…θύµ ύµ°ύ…πύPS…xώP…ώPθvΘƒΔµ`θ!]ϋY…ΐtd‹…`‹,1078561341 
‰½θύπ‰µπύΒ‰…ψύ‹…ΰύΑ‰…τύΟ‰όύλM‹‰…άύ‹C‰…δύ‹C‰…ΰύ‹C‰…θύµ ύµ°ύ…πύPS…xώP…ώPθvΘƒΔµ`θ!]ϋY…ΐtd‹…`‹,1078561341 
‰½θύπ‰µπύΒ‰…ψύ‹…ΰύΑ‰…τύΟ‰όύλM‹‰…άύ‹C‰…δύ‹C‰…ΰύ‹C‰…θύµ ύµ°ύ…πύPS…xώP…ώPθvΘƒΔµ`θ!]ϋY…ΐtd‹…`‹,1078561341 
‰½θύπ‰µπύΒ‰…ψύ‹…ΰύΑ‰…τύΟ‰όύλM‹‰…άύ‹C‰…δύ‹C‰…ΰύ‹C‰…θύµ ύµ°ύ…πύPS…xώP…ώPθvΘƒΔµ`θ!]ϋY…ΐtd‹…`‹,1078561341 
‰½θύπ‰µπύΒ‰…ψύ‹…ΰύΑ‰…τύΟ‰όύλM‹‰…άύ‹C‰…δύ‹C‰…ΰύ‹C‰…θύµ ύµ°ύ…πύPS…xώP…ώPθvΘƒΔµ`θ!]ϋY…ΐtd‹…`‹,1078561341 
‰½θύπ‰µπύΒ‰…ψύ‹…ΰύΑ‰…τύΟ‰όύλM‹‰…άύ‹C‰…δύ‹C‰…ΰύ‹C‰…θύµ ύµ°ύ…πύPS…xώP…ώPθvΘƒΔµ`θ!]ϋY…ΐtd‹…`‹,1078561341 
‰½θύπ‰µπύΒ‰…ψύ‹…ΰύΑ‰…τύΟ‰όύλM‹‰…άύ‹C‰…δύ‹C‰…ΰύ‹C‰…θύµ ύµ°ύ…πύPS…xώP…ώPθvΘƒΔµ`θ!]ϋY…ΐtd‹…`‹,1078561341 
‰½θύπ‰µπύΒ‰…ψύ‹…ΰύΑ‰…τύΟ‰όύλM‹‰…άύ‹C‰…δύ‹C‰…ΰύ‹C‰…θύµ ύµ°ύ…πύPS…xώP…ώPθvΘƒΔµ`θ!]ϋY…ΐtd‹…`‹,1078561341 
‰½θύπ‰µπύΒ‰…ψύ‹…ΰύΑ‰…τύΟ‰όύλM‹‰…άύ‹C‰…δύ‹C‰…ΰύ‹C‰…θύµ ύµ°ύ…πύPS…xώP…ώPθvΘƒΔµ`θ!]ϋY…ΐtd‹…`‹,1078561341 
‰½θύπ‰µπύΒ‰…ψύ‹…ΰύΑ‰…τύΟ‰όύλM‹‰…άύ‹C‰…δύ‹C‰…ΰύ‹C‰…θύµ ύµ°ύ…πύPS…xώP…ώPθvΘƒΔµ`θ!]ϋY…ΐtd‹…`‹,1078561341 
‰½θύπ‰µπύΒ‰…ψύ‹…ΰύΑ‰…τύΟ‰όύλM‹‰…άύ‹C‰…δύ‹C‰…ΰύ‹C‰…θύµ ύµ°ύ…πύPS…xώP…ώPθvΘƒΔµ`θ!]ϋY…ΐtd‹…`‹,1078561341 
‰½θύπ‰µπύΒ‰…ψύ‹…ΰύΑ‰…τύΟ‰όύλM‹‰…άύ‹C‰…δύ‹C‰…ΰύ‹C‰…θύµ ύµ°ύ…πύPS…xώP…ώPθvΘƒΔµ`θ!]ϋY…ΐtd‹…`‹,1078561341 
‰½θύπ‰µπύΒ‰…ψύ‹…ΰύΑ‰…τύΟ‰όύλM‹‰…άύ‹C‰…δύ‹C‰…ΰύ‹C‰…θύµ ύµ°ύ…πύPS…xώP…ώPθvΘƒΔµ`θ!]ϋY…ΐtd‹…`‹,1078561341 
‰½θύπ‰µπύΒ‰…ψύ‹…ΰύΑ‰…τύΟ‰όύλM‹‰…άύ‹C‰…δύ‹C‰…ΰύ‹C‰…θύµ ύµ°ύ…πύPS…xώP…ώPθvΘƒΔµ`θ!]ϋY…ΐtd‹…`‹,1078561341 
‰½θύπ‰µπύΒ‰…ψύ‹…ΰύΑ‰…τύΟ‰όύλM‹‰…άύ‹C‰…δύ‹C‰…ΰύ‹C‰…θύµ ύµ°ύ…πύPS…xώP…ώPθvΘƒΔµ`θ!]ϋY…ΐtd‹…`‹,1078561341 
‰½θύπ‰µπύΒ‰…ψύ‹…ΰύΑ‰…τύΟ‰όύλM‹‰…άύ‹C‰…δύ‹C‰…ΰύ‹C‰…θύµ ύµ°ύ…πύPS…xώP…ώPθvΘƒΔµ`θ!]ϋY…ΐtd‹…`‹,1078561341 
‰½θύπ‰µπύΒ‰…ψύ‹…ΰύΑ‰…τύΟ‰όύλM‹‰…άύ‹C‰…δύ‹C‰…ΰύ‹C‰…θύµ ύµ°ύ…πύPS…xώP…ώPθvΘƒΔµ`θ!]ϋY…ΐtd‹…`‹,1078561341 
‰½θύπ‰µπύΒ‰…ψύ‹…ΰύΑ‰…τύΟ‰όύλM‹‰…άύ‹C‰…δύ‹C‰…ΰύ‹C‰…θύµ ύµ°ύ…πύPS…xώP…ώPθvΘƒΔµ`θ!]ϋY…ΐtd‹…`‹,1078561341 
‰½θύπ‰µπύΒ‰…ψύ‹…ΰύΑ‰…τύΟ‰όύλM‹‰…άύ‹C‰…δύ‹C‰…ΰύ‹C‰…θύµ ύµ°ύ…πύPS…xώP…ώPθvΘƒΔµ`θ!]ϋY…ΐtd‹…`‹,1078561341 
‰½θύπ‰µπύΒ‰…ψύ‹…ΰύΑ‰…τύΟ‰όύλM‹‰…άύ‹C‰…δύ‹C‰…ΰύ‹C‰…θύµ ύµ°ύ…πύPS…xώP…ώPθvΘƒΔµ`θ!]ϋY…ΐtd‹…`‹,1078561341 
‰½θύπ‰µπύΒ‰…ψύ‹…ΰύΑ‰…τύΟ‰όύλM‹‰…άύ‹C‰…δύ‹C‰…ΰύ‹C‰…θύµ ύµ°ύ…πύPS…xώP…ώPθvΘƒΔµ`θ!]ϋY…ΐtd‹…`‹,1078561341 
‰½θύπ‰µπύΒ‰…ψύ‹…ΰύΑ‰…τύΟ‰όύλM‹‰…άύ‹C‰…δύ‹C‰…ΰύ‹C‰…θύµ ύµ°ύ…πύPS…xώP…ώPθvΘƒΔµ`θ!]ϋY…ΐtd‹…`‹,1078561341 
‰½θύπ‰µπύΒ‰…ψύ‹…ΰύΑ‰…τύΟ‰όύλM‹‰…άύ‹C‰…δύ‹C‰…ΰύ‹C‰…θύµ ύµ°ύ…πύPS…xώP…ώPθvΘƒΔµ`θ!]ϋY…ΐtd‹…`‹,1078561341 
‰½θύπ‰µπύΒ‰…ψύ‹…ΰύΑ‰…τύΟ‰όύλM‹‰…άύ‹C‰…δύ‹C‰…ΰύ‹C‰…θύµ ύµ°ύ…πύPS…xώP…ώPθvΘƒΔµ`θ!]ϋY…ΐtd‹…`‹,1078561341 
‰½θύπ‰µπύΒ‰…ψύ‹…ΰύΑ‰…τύΟ‰όύλM‹‰…άύ‹C‰…δύ‹C‰…ΰύ‹C‰…θύµ ύµ°ύ…πύPS…xώP…ώPθvΘƒΔµ`θ!]ϋY…ΐtd‹…`‹,1078561341 
‰½θύπ‰µπύΒ‰…ψύ‹…ΰύΑ‰…τύΟ‰όύλM‹‰…άύ‹C‰…δύ‹C‰…ΰύ‹C‰…θύµ ύµ°ύ…πύPS…xώP…ώPθvΘƒΔµ`θ!]ϋY…ΐtd‹…`‹,1078561341 
‰½θύπ‰µπύΒ‰…ψύ‹…ΰύΑ‰…τύΟ‰όύλM‹‰…άύ‹C‰…δύ‹C‰…ΰύ‹C‰…θύµ ύµ°ύ…πύPS…xώP…ώPθvΘƒΔµ`θ!]ϋY…ΐtd‹…`‹,1078561341 
‰½θύπ‰µπύΒ‰…ψύ‹…ΰύΑ‰…τύΟ‰όύλM‹‰…άύ‹C‰…δύ‹C‰…ΰύ‹C‰…θύµ ύµ°ύ…πύPS…xώP…ώPθvΘƒΔµ`θ!]ϋY…ΐtd‹…`‹,1078561341 
‰½θύπ‰µπύΒ‰…ψύ‹…ΰύΑ‰…τύΟ‰όύλM‹‰…άύ‹C‰…δύ‹C‰…ΰύ‹C‰…θύµ ύµ°ύ…πύPS…xώP…ώPθvΘƒΔµ`θ!]ϋY…ΐtd‹…`‹,1078561341 
‰½θύπ‰µπύΒ‰…ψύ‹…ΰύΑ‰…τύΟ‰όύλM‹‰…άύ‹C‰…δύ‹C‰…ΰύ‹C‰…θύµ ύµ°ύ…πύPS…xώP…ώPθvΘƒΔµ`θ!]ϋY…ΐtd‹…`‹,1078561341 
‰½θύπ‰µπύΒ‰…ψύ‹…ΰύΑ‰…τύΟ‰όύλM‹‰…άύ‹C‰…δύ‹C‰…ΰύ‹C‰…θύµ ύµ°ύ…πύPS…xώP…ώPθvΘƒΔµ`θ!]ϋY…ΐtd‹…`‹,1078561341 
‰½θύπ‰µπύΒ‰…ψύ‹…ΰύΑ‰…τύΟ‰όύλM‹‰…άύ‹C‰…δύ‹C‰…ΰύ‹C‰…θύµ ύµ°ύ…πύPS…xώP…ώPθvΘƒΔµ`θ!]ϋY…ΐtd‹…`‹,1078561341 
‰½θύπ‰µπύΒ‰…ψύ‹…ΰύΑ‰…τύΟ‰όύλM‹‰…άύ‹C‰…δύ‹C‰…ΰύ‹C‰…θύµ ύµ°ύ…πύPS…xώP…ώPθvΘƒΔµ`θ!]ϋY…ΐtd‹…`‹,1078561341 
‰½θύπ‰µπύΒ‰…ψύ‹…ΰύΑ‰…τύΟ‰όύλM‹‰…άύ‹C‰…δύ‹C‰…ΰύ‹C‰…θύµ ύµ°ύ…πύPS…xώP…ώPθvΘƒΔµ`θ!]ϋY…ΐtd‹…`‹,1078561341 
‰½θύπ‰µπύΒ‰…ψύ‹…ΰύΑ‰…τύΟ‰όύλM‹‰…άύ‹C‰…δύ‹C‰…ΰύ‹C‰…θύµ ύµ°ύ…πύPS…xώP…ώPθvΘƒΔµ`θ!]ϋY…ΐtd‹…`‹,1078561341 
‰½θύπ‰µπύΒ‰…ψύ‹…ΰύΑ‰…τύΟ‰όύλM‹‰…άύ‹C‰…δύ‹C‰…ΰύ‹C‰…θύµ ύµ°ύ…πύPS…xώP…ώPθvΘƒΔµ`θ!]ϋY…ΐtd‹…`‹,1078561341 
‰½θύπ‰µπύΒ‰…ψύ‹…ΰύΑ‰…τύΟ‰όύλM‹‰…άύ‹C‰…δύ‹C‰…ΰύ‹C‰…θύµ ύµ°ύ…πύPS…xώP…ώPθvΘƒΔµ`θ!]ϋY…ΐtd‹…`‹,1078561341 
‰½θύπ‰µπύΒ‰…ψύ‹…ΰύΑ‰…τύΟ‰όύλM‹‰…άύ‹C‰…δύ‹C‰…ΰύ‹C‰…θύµ ύµ°ύ…πύPS…xώP…ώPθvΘƒΔµ`θ!]ϋY…ΐtd‹…`‹,1078561341 
‰½θύπ‰µπύΒ‰…ψύ‹…ΰύΑ‰…τύΟ‰όύλM‹‰…άύ‹C‰…δύ‹C‰…ΰύ‹C‰…θύµ ύµ°ύ…πύPS…xώP…ώPθvΘƒΔµ`θ!]ϋY…ΐtd‹…`‹,1078561341 
‰½θύπ‰µπύΒ‰…ψύ‹…ΰύΑ‰…τύΟ‰όύλM‹‰…άύ‹C‰…δύ‹C‰…ΰύ‹C‰…θύµ ύµ°ύ…πύPS…xώP…ώPθvΘƒΔµ`θ!]ϋY…ΐtd‹…`‹,1078561341 
‰½θύπ‰µπύΒ‰…ψύ‹…ΰύΑ‰…τύΟ‰όύλM‹‰…άύ‹C‰…δύ‹C‰…ΰύ‹C‰…θύµ ύµ°ύ…πύPS…xώP…ώPθvΘƒΔµ`θ!]ϋY…ΐtd‹…`‹,1078561341 
‰½θύπ‰µπύΒ‰…ψύ‹…ΰύΑ‰…τύΟ‰όύλM‹‰…άύ‹C‰…δύ‹C‰…ΰύ‹C‰…θύµ ύµ°ύ…πύPS…xώP…ώPθvΘƒΔµ`θ!]ϋY…ΐtd‹…`‹,1078561341 
‰½θύπ‰µπύΒ‰…ψύ‹…ΰύΑ‰…τύΟ‰όύλM‹‰…άύ‹C‰…δύ‹C‰…ΰύ‹C‰…θύµ ύµ°ύ…πύPS…xώP…ώPθvΘƒΔµ`θ!]ϋY…ΐtd‹…`‹,1078561341 
‰½θύπ‰µπύΒ‰…ψύ‹…ΰύΑ‰…τύΟ‰όύλM‹‰…άύ‹C‰…δύ‹C‰…ΰύ‹C‰…θύµ ύµ°ύ…πύPS…xώP…ώPθvΘƒΔµ`θ!]ϋY…ΐtd‹…`‹,1078561341 
‰½θύπ‰µπύΒ‰…ψύ‹…ΰύΑ‰…τύΟ‰όύλM‹‰…άύ‹C‰…δύ‹C‰…ΰύ‹C‰…θύµ ύµ°ύ…πύPS…xώP…ώPθvΘƒΔµ`θ!]ϋY…ΐtd‹…`‹,1078561341 
‰½θύπ‰µπύΒ‰…ψύ‹…ΰύΑ‰…τύΟ‰όύλM‹‰…άύ‹C‰…δύ‹C‰…ΰύ‹C‰…θύµ ύµ°ύ…πύPS…xώP…ώPθvΘƒΔµ`θ!]ϋY…ΐtd‹…`‹,1078561341 
‰½θύπ‰µπύΒ‰…ψύ‹…ΰύΑ‰…τύΟ‰όύλM‹‰…άύ‹C‰…δύ‹C‰…ΰύ‹C‰…θύµ ύµ°ύ…πύPS…xώP…ώPθvΘƒΔµ`θ!]ϋY…ΐtd‹…`‹,1078561341 
‰½θύπ‰µπύΒ‰…ψύ‹…ΰύΑ‰…τύΟ‰όύλM‹‰…άύ‹C‰…δύ‹C‰…ΰύ‹C‰…θύµ ύµ°ύ…πύPS…xώP…ώPθvΘƒΔµ`θ!]ϋY…ΐtd‹…`‹,1078561341 
‰½θύπ‰µπύΒ‰…ψύ‹…ΰύΑ‰…τύΟ‰όύλM‹‰…άύ‹C‰…δύ‹C‰…ΰύ‹C‰…θύµ ύµ°ύ…πύPS…xώP…ώPθvΘƒΔµ`θ!]ϋY…ΐtd‹…`‹,1078561341 
‰½θύπ‰µπύΒ‰…ψύ‹…ΰύΑ‰…τύΟ‰όύλM‹‰…άύ‹C‰…δύ‹C‰…ΰύ‹C‰…θύµ ύµ°ύ…πύPS…xώP…ώPθvΘƒΔµ`θ!]ϋY…ΐtd‹…`‹,1078561341 
‰½θύπ‰µπύΒ‰…ψύ‹…ΰύΑ‰…τύΟ‰όύλM‹‰…άύ‹C‰…δύ‹C‰…ΰύ‹C‰…θύµ ύµ°ύ…πύPS…xώP…ώPθvΘƒΔµ`θ!]ϋY…ΐtd‹…`‹,1078561341 
‰½θύπ‰µπύΒ‰…ψύ‹…ΰύΑ‰…τύΟ‰όύλM‹‰…άύ‹C‰…δύ‹C‰…ΰύ‹C‰…θύµ ύµ°ύ…πύPS…xώP…ώPθvΘƒΔµ`θ!]ϋY…ΐtd‹…`‹,1078561341 
‰½θύπ‰µπύΒ‰…ψύ‹…ΰύΑ‰…τύΟ‰όύλM‹‰…άύ‹C‰…δύ‹C‰…ΰύ‹C‰…θύµ ύµ°ύ…πύPS…xώP…ώPθvΘƒΔµ`θ!]ϋY…ΐtd‹…`‹,1078561341 
‰½θύπ‰µπύΒ‰…ψύ‹…ΰύΑ‰…τύΟ‰όύλM‹‰…άύ‹C‰…δύ‹C‰…ΰύ‹C‰…θύµ ύµ°ύ…πύPS…xώP…ώPθvΘƒΔµ`θ!]ϋY…ΐtd‹…`‹,1078561341 
‰½θύπ‰µπύΒ‰…ψύ‹…ΰύΑ‰…τύΟ‰όύλM‹‰…άύ‹C‰…δύ‹C‰…ΰύ‹C‰…θύµ ύµ°ύ…πύPS…xώP…ώPθvΘƒΔµ`θ!]ϋY…ΐtd‹…`‹,1078561341 
‰½θύπ‰µπύΒ‰…ψύ‹…ΰύΑ‰…τύΟ‰όύλM‹‰…άύ‹C‰…δύ‹C‰…ΰύ‹C‰…θύµ ύµ°ύ…πύPS…xώP…ώPθvΘƒΔµ`θ!]ϋY…ΐtd‹…`‹,1078561341 
‰½θύπ‰µπύΒ‰…ψύ‹…ΰύΑ‰…τύΟ‰όύλM‹‰…άύ‹C‰…δύ‹C‰…ΰύ‹C‰…θύµ ύµ°ύ…πύPS…xώP…ώPθvΘƒΔµ`θ!]ϋY…ΐtd‹…`‹,1078561341 
‰½θύπ‰µπύΒ‰…ψύ‹…ΰύΑ‰…τύΟ‰όύλM‹‰…άύ‹C‰…δύ‹C‰…ΰύ‹C‰…θύµ ύµ°ύ…πύPS…xώP…ώPθvΘƒΔµ`θ!]ϋY…ΐtd‹…`‹,1078561341 
‰½θύπ‰µπύΒ‰…ψύ‹…ΰύΑ‰…τύΟ‰όύλM‹‰…άύ‹C‰…δύ‹C‰…ΰύ‹C‰…θύµ ύµ°ύ…πύPS…xώP…ώPθvΘƒΔµ`θ!]ϋY…ΐtd‹…`‹,1078561341 
‰½θύπ‰µπύΒ‰…ψύ‹…ΰύΑ‰…τύΟ‰όύλM‹‰…άύ‹C‰…δύ‹C‰…ΰύ‹C‰…θύµ ύµ°ύ…πύPS…xώP…ώPθvΘƒΔµ`θ!]ϋY…ΐtd‹…`‹,1078561341 
‰½θύπ‰µπύΒ‰…ψύ‹…ΰύΑ‰…τύΟ‰όύλM‹‰…άύ‹C‰…δύ‹C‰…ΰύ‹C‰…θύµ ύµ°ύ…πύPS…xώP…ώPθvΘƒΔµ`θ!]ϋY…ΐtd‹…`‹,1078561341 
‰½θύπ‰µπύΒ‰…ψύ‹…ΰύΑ‰…τύΟ‰όύλM‹‰…άύ‹C‰…δύ‹C‰…ΰύ‹C‰…θύµ ύµ°ύ…πύPS…xώP…ώPθvΘƒΔµ`θ!]ϋY…ΐtd‹…`‹,1078561341 
‰½θύπ‰µπύΒ‰…ψύ‹…ΰύΑ‰…τύΟ‰όύλM‹‰…άύ‹C‰…δύ‹C‰…ΰύ‹C‰…θύµ ύµ°ύ…πύPS…xώP…ώPθvΘƒΔµ`θ!]ϋY…ΐtd‹…`‹,1078561341 
‰½θύπ‰µπύΒ‰…ψύ‹…ΰύΑ‰…τύΟ‰όύλM‹‰…άύ‹C‰…δύ‹C‰…ΰύ‹C‰…θύµ ύµ°ύ…πύPS…xώP…ώPθvΘƒΔµ`θ!]ϋY…ΐtd‹…`‹,1078561341 
‰½θύπ‰µπύΒ‰…ψύ‹…ΰύΑ‰…τύΟ‰όύλM‹‰…άύ‹C‰…δύ‹C‰…ΰύ‹C‰…θύµ ύµ°ύ…πύPS…xώP…ώPθvΘƒΔµ`θ!]ϋY…ΐtd‹…`‹,1078561341 
‰½θύπ‰µπύΒ‰…ψύ‹…ΰύΑ‰…τύΟ‰όύλM‹‰…άύ‹C‰…δύ‹C‰…ΰύ‹C‰…θύµ ύµ°ύ…πύPS…xώP…ώPθvΘƒΔµ`θ!]ϋY…ΐtd‹…`‹,1078561341 
‰½θύπ‰µπύΒ‰…ψύ‹…ΰύΑ‰…τύΟ‰όύλM‹‰…άύ‹C‰…δύ‹C‰…ΰύ‹C‰…θύµ ύµ°ύ…πύPS…xώP…ώPθvΘƒΔµ`θ!]ϋY…ΐtd‹…`‹,1078561341 
‰½θύπ‰µπύΒ‰…ψύ‹…ΰύΑ‰…τύΟ‰όύλM‹‰…άύ‹C‰…δύ‹C‰…ΰύ‹C‰…θύµ ύµ°ύ…πύPS…xώP…ώPθvΘƒΔµ`θ!]ϋY…ΐtd‹…`‹,1078561341 
‰½θύπ‰µπύΒ‰…ψύ‹…ΰύΑ‰…τύΟ‰όύλM‹‰…άύ‹C‰…δύ‹C‰…ΰύ‹C‰…θύµ ύµ°ύ…πύPS…xώP…ώPθvΘƒΔµ`θ!]ϋY…ΐtd‹…`‹,1078561341 
‰½θύπ‰µπύΒ‰…ψύ‹…ΰύΑ‰…τύΟ‰όύλM‹‰…άύ‹C‰…δύ‹C‰…ΰύ‹C‰…θύµ ύµ°ύ…πύPS…xώP…ώPθvΘƒΔµ`θ!]ϋY…ΐtd‹…`‹,1078561341 
‰½θύπ‰µπύΒ‰…ψύ‹…ΰύΑ‰…τύΟ‰όύλM‹‰…άύ‹C‰…δύ‹C‰…ΰύ‹C‰…θύµ ύµ°ύ…πύPS…xώP…ώPθvΘƒΔµ`θ!]ϋY…ΐtd‹…`‹,1078561341 
‰½θύπ‰µπύΒ‰…ψύ‹…ΰύΑ‰…τύΟ‰όύλM‹‰…άύ‹C‰…δύ‹C‰…ΰύ‹C‰…θύµ ύµ°ύ…πύPS…xώP…ώPθvΘƒΔµ`θ!]ϋY…ΐtd‹…`‹,1078561341 
‰½θύπ‰µπύΒ‰…ψύ‹…ΰύΑ‰…τύΟ‰όύλM‹‰…άύ‹C‰…δύ‹C‰…ΰύ‹C‰…θύµ ύµ°ύ…πύPS…xώP…ώPθvΘƒΔµ`θ!]ϋY…ΐtd‹…`‹,1078561341 
‰½θύπ‰µπύΒ‰…ψύ‹…ΰύΑ‰…τύΟ‰όύλM‹‰…άύ‹C‰…δύ‹C‰…ΰύ‹C‰…θύµ ύµ°ύ…πύPS…xώP…ώPθvΘƒΔµ`θ!]ϋY…ΐtd‹…`‹,1078561341 
‰½θύπ‰µπύΒ‰…ψύ‹…ΰύΑ‰…τύΟ‰όύλM‹‰…άύ‹C‰…δύ‹C‰…ΰύ‹C‰…θύµ ύµ°ύ…πύPS…xώP…ώPθvΘƒΔµ`θ!]ϋY…ΐtd‹…`‹,1078561341 
‰½θύπ‰µπύΒ‰…ψύ‹…ΰύΑ‰…τύΟ‰όύλM‹‰…άύ‹C‰…δύ‹C‰…ΰύ‹C‰…θύµ ύµ°ύ…πύPS…xώP…ώPθvΘƒΔµ`θ!]ϋY…ΐtd‹…`‹,1078561341 
‰½θύπ‰µπύΒ‰…ψύ‹…ΰύΑ‰…τύΟ‰όύλM‹‰…άύ‹C‰…δύ‹C‰…ΰύ‹C‰…θύµ ύµ°ύ…πύPS…xώP…ώPθvΘƒΔµ`θ!]ϋY…ΐtd‹…`‹,1078561341 
‰½θύπ‰µπύΒ‰…ψύ‹…ΰύΑ‰…τύΟ‰όύλM‹‰…άύ‹C‰…δύ‹C‰…ΰύ‹C‰…θύµ ύµ°ύ…πύPS…xώP…ώPθvΘƒΔµ`θ!]ϋY…ΐtd‹…`‹,1078561341 
‰½θύπ‰µπύΒ‰…ψύ‹…ΰύΑ‰…τύΟ‰όύλM‹‰…άύ‹C‰…δύ‹C‰…ΰύ‹C‰…θύµ ύµ°ύ…πύPS…xώP…ώPθvΘƒΔµ`θ!]ϋY…ΐtd‹…`‹,1078561341 
‰½θύπ‰µπύΒ‰…ψύ‹…ΰύΑ‰…τύΟ‰όύλM‹‰…άύ‹C‰…δύ‹C‰…ΰύ‹C‰…θύµ ύµ°ύ…πύPS…xώP…ώPθvΘƒΔµ`θ!]ϋY…ΐtd‹…`‹,1078561341 
‰½θύπ‰µπύΒ‰…ψύ‹…ΰύΑ‰…τύΟ‰όύλM‹‰…άύ‹C‰…δύ‹C‰…ΰύ‹C‰…θύµ ύµ°ύ…πύPS…xώP…ώPθvΘƒΔµ`θ!]ϋY…ΐtd‹…`‹,1078561341 
‰½θύπ‰µπύΒ‰…ψύ‹…ΰύΑ‰…τύΟ‰όύλM‹‰…άύ‹C‰…δύ‹C‰…ΰύ‹C‰…θύµ ύµ°ύ…πύPS…xώP…ώPθvΘƒΔµ`θ!]ϋY…ΐtd‹…`‹,1078561341 
‰½θύπ‰µπύΒ‰…ψύ‹…ΰύΑ‰…τύΟ‰όύλM‹‰…άύ‹C‰…δύ‹C‰…ΰύ‹C‰…θύµ ύµ°ύ…πύPS…xώP…ώPθvΘƒΔµ`θ!]ϋY…ΐtd‹…`‹,1078561341 
‰½θύπ‰µπύΒ‰…ψύ‹…ΰύΑ‰…τύΟ‰όύλM‹‰…άύ‹C‰…δύ‹C‰…ΰύ‹C‰…θύµ ύµ°ύ…πύPS…xώP…ώPθvΘƒΔµ`θ!]ϋY…ΐtd‹…`‹,1078561341 
‰½θύπ‰µπύΒ‰…ψύ‹…ΰύΑ‰…τύΟ‰όύλM‹‰…άύ‹C‰…δύ‹C‰…ΰύ‹C‰…θύµ ύµ°ύ…πύPS…xώP…ώPθvΘƒΔµ`θ!]ϋY…ΐtd‹…`‹,1078561341 
‰½θύπ‰µπύΒ‰…ψύ‹…ΰύΑ‰…τύΟ‰όύλM‹‰…άύ‹C‰…δύ‹C‰…ΰύ‹C‰…θύµ ύµ°ύ…πύPS…xώP…ώPθvΘƒΔµ`θ!]ϋY…ΐtd‹…`‹,1078561341 
‰½θύπ‰µπύΒ‰…ψύ‹…ΰύΑ‰…τύΟ‰όύλM‹‰…άύ‹C‰…δύ‹C‰…ΰύ‹C‰…θύµ ύµ°ύ…πύPS…xώP…ώPθvΘƒΔµ`θ!]ϋY…ΐtd‹…`‹,1078561341 
‰½θύπ‰µπύΒ‰…ψύ‹…ΰύΑ‰…τύΟ‰όύλM‹‰…άύ‹C‰…δύ‹C‰…ΰύ‹C‰…θύµ ύµ°ύ…πύPS…xώP…ώPθvΘƒΔµ`θ!]ϋY…ΐtd‹…`‹,1078561341 
‰½θύπ‰µπύΒ‰…ψύ‹…ΰύΑ‰…τύΟ‰όύλM‹‰…άύ‹C‰…δύ‹C‰…ΰύ‹C‰…θύµ ύµ°ύ…πύPS…xώP…ώPθvΘƒΔµ`θ!]ϋY…ΐtd‹…`‹,1078561341 
‰½θύπ‰µπύΒ‰…ψύ‹…ΰύΑ‰…τύΟ‰όύλM‹‰…άύ‹C‰…δύ‹C‰…ΰύ‹C‰…θύµ ύµ°ύ…πύPS…xώP…ώPθvΘƒΔµ`θ!]ϋY…ΐtd‹…`‹,1078561341 
‰½θύπ‰µπύΒ‰…ψύ‹…ΰύΑ‰…τύΟ‰όύλM‹‰…άύ‹C‰…δύ‹C‰…ΰύ‹C‰…θύµ ύµ°ύ…πύPS…xώP…ώPθvΘƒΔµ`θ!]ϋY…ΐtd‹…`‹,1078561341 
‰½θύπ‰µπύΒ‰…ψύ‹…ΰύΑ‰…τύΟ‰όύλM‹‰…άύ‹C‰…δύ‹C‰…ΰύ‹C‰…θύµ ύµ°ύ…πύPS…xώP…ώPθvΘƒΔµ`θ!]ϋY…ΐtd‹…`‹,1078561341 
‰½θύπ‰µπύΒ‰…ψύ‹…ΰύΑ‰…τύΟ‰όύλM‹‰…άύ‹C‰…δύ‹C‰…ΰύ‹C‰…θύµ ύµ°ύ…πύPS…xώP…ώPθvΘƒΔµ`θ!]ϋY…ΐtd‹…`‹,1078561341 
‰½θύπ‰µπύΒ‰…ψύ‹…ΰύΑ‰…τύΟ‰όύλM‹‰…άύ‹C‰…δύ‹C‰…ΰύ‹C‰…θύµ ύµ°ύ…πύPS…xώP…ώPθvΘƒΔµ`θ!]ϋY…ΐtd‹…`‹,1078561341 
‰½θύπ‰µπύΒ‰…ψύ‹…ΰύΑ‰…τύΟ‰όύλM‹‰…άύ‹C‰…δύ‹C‰…ΰύ‹C‰…θύµ ύµ°ύ…πύPS…xώP…ώPθvΘƒΔµ`θ!]ϋY…ΐtd‹…`‹,1078561341 
‰½θύπ‰µπύΒ‰…ψύ‹…ΰύΑ‰…τύΟ‰όύλM‹‰…άύ‹C‰…δύ‹C‰…ΰύ‹C‰…θύµ ύµ°ύ…πύPS…xώP…ώPθvΘƒΔµ`θ!]ϋY…ΐtd‹…`‹,1078561341 
‰½θύπ‰µπύΒ‰…ψύ‹…ΰύΑ‰…τύΟ‰όύλM‹‰…άύ‹C‰…δύ‹C‰…ΰύ‹C‰…θύµ ύµ°ύ…πύPS…xώP…ώPθvΘƒΔµ`θ!]ϋY…ΐtd‹…`‹,1078561341 
‰½θύπ‰µπύΒ‰…ψύ‹…ΰύΑ‰…τύΟ‰όύλM‹‰…άύ‹C‰…δύ‹C‰…ΰύ‹C‰…θύµ ύµ°ύ…πύPS…xώP…ώPθvΘƒΔµ`θ!]ϋY…ΐtd‹…`‹,1078561341 
‰½θύπ‰µπύΒ‰…ψύ‹…ΰύΑ‰…τύΟ‰όύλM‹‰…άύ‹C‰…δύ‹C‰…ΰύ‹C‰…θύµ ύµ°ύ…πύPS…xώP…ώPθvΘƒΔµ`θ!]ϋY…ΐtd‹…`‹,1078561341 
‰½θύπ‰µπύΒ‰…ψύ‹…ΰύΑ‰…τύΟ‰όύλM‹‰…άύ‹C‰…δύ‹C‰…ΰύ‹C‰…θύµ ύµ°ύ…πύPS…xώP…ώPθvΘƒΔµ`θ!]ϋY…ΐtd‹…`‹,1078561341 
‰½θύπ‰µπύΒ‰…ψύ‹…ΰύΑ‰…τύΟ‰όύλM‹‰…άύ‹C‰…δύ‹C‰…ΰύ‹C‰…θύµ ύµ°ύ…πύPS…xώP…ώPθvΘƒΔµ`θ!]ϋY…ΐtd‹…`‹,1078561341 
‰½θύπ‰µπύΒ‰…ψύ‹…ΰύΑ‰…τύΟ‰όύλM‹‰…άύ‹C‰…δύ‹C‰…ΰύ‹C‰…θύµ ύµ°ύ…πύPS…xώP…ώPθvΘƒΔµ`θ!]ϋY…ΐtd‹…`‹,1078561341 
‰½θύπ‰µπύΒ‰…ψύ‹…ΰύΑ‰…τύΟ‰όύλM‹‰…άύ‹C‰…δύ‹C‰…ΰύ‹C‰…θύµ ύµ°ύ…πύPS…xώP…ώPθvΘƒΔµ`θ!]ϋY…ΐtd‹…`‹,1078561341 
‰½θύπ‰µπύΒ‰…ψύ‹…ΰύΑ‰…τύΟ‰όύλM‹‰…άύ‹C‰…δύ‹C‰…ΰύ‹C‰…θύµ ύµ°ύ…πύPS…xώP…ώPθvΘƒΔµ`θ!]ϋY…ΐtd‹…`‹,1078561341 
‰½θύπ‰µπύΒ‰…ψύ‹…ΰύΑ‰…τύΟ‰όύλM‹‰…άύ‹C‰…δύ‹C‰…ΰύ‹C‰…θύµ ύµ°ύ…πύPS…xώP…ώPθvΘƒΔµ`θ!]ϋY…ΐtd‹…`‹,1078561341 
‰½θύπ‰µπύΒ‰…ψύ‹…ΰύΑ‰…τύΟ‰όύλM‹‰…άύ‹C‰…δύ‹C‰…ΰύ‹C‰…θύµ ύµ°ύ…πύPS…xώP…ώPθvΘƒΔµ`θ!]ϋY…ΐtd‹…`‹,1078561341 
‰½θύπ‰µπύΒ‰…ψύ‹…ΰύΑ‰…τύΟ‰όύλM‹‰…άύ‹C‰…δύ‹C‰…ΰύ‹C‰…θύµ ύµ°ύ…πύPS…xώP…ώPθvΘƒΔµ`θ!]ϋY…ΐtd‹…`‹,1078561341 
‰½θύπ‰µπύΒ‰…ψύ‹…ΰύΑ‰…τύΟ‰όύλM‹‰…άύ‹C‰…δύ‹C‰…ΰύ‹C‰…θύµ ύµ°ύ…πύPS…xώP…ώPθvΘƒΔµ`θ!]ϋY…ΐtd‹…`‹,1078561341 
‰½θύπ‰µπύΒ‰…ψύ‹…ΰύΑ‰…τύΟ‰όύλM‹‰…άύ‹C‰…δύ‹C‰…ΰύ‹C‰…θύµ ύµ°ύ…πύPS…xώP…ώPθvΘƒΔµ`θ!]ϋY…ΐtd‹…`‹,1078561341 
‰½θύπ‰µπύΒ‰…ψύ‹…ΰύΑ‰…τύΟ‰όύλM‹‰…άύ‹C‰…δύ‹C‰…ΰύ‹C‰…θύµ ύµ°ύ…πύPS…xώP…ώPθvΘƒΔµ`θ!]ϋY…ΐtd‹…`‹,1078561341 
‰½θύπ‰µπύΒ‰…ψύ‹…ΰύΑ‰…τύΟ‰όύλM‹‰…άύ‹C‰…δύ‹C‰…ΰύ‹C‰…θύµ ύµ°ύ…πύPS…xώP…ώPθvΘƒΔµ`θ!]ϋY…ΐtd‹…`‹,1078561341 
‰½θύπ‰µπύΒ‰…ψύ‹…ΰύΑ‰…τύΟ‰όύλM‹‰…άύ‹C‰…δύ‹C‰…ΰύ‹C‰…θύµ ύµ°ύ…πύPS…xώP…ώPθvΘƒΔµ`θ!]ϋY…ΐtd‹…`‹,1078561341 
‰½θύπ‰µπύΒ‰…ψύ‹…ΰύΑ‰…τύΟ‰όύλM‹‰…άύ‹C‰…δύ‹C‰…ΰύ‹C‰…θύµ ύµ°ύ…πύPS…xώP…ώPθvΘƒΔµ`θ!]ϋY…ΐtd‹…`‹,1078561341 
‰½θύπ‰µπύΒ‰…ψύ‹…ΰύΑ‰…τύΟ‰όύλM‹‰…άύ‹C‰…δύ‹C‰…ΰύ‹C‰…θύµ ύµ°ύ…πύPS…xώP…ώPθvΘƒΔµ`θ!]ϋY…ΐtd‹…`‹,1078561341 
‰½θύπ‰µπύΒ‰…ψύ‹…ΰύΑ‰…τύΟ‰όύλM‹‰…άύ‹C‰…δύ‹C‰…ΰύ‹C‰…θύµ ύµ°ύ…πύPS…xώP…ώPθvΘƒΔµ`θ!]ϋY…ΐtd‹…`‹,1078561341 
‰½θύπ‰µπύΒ‰…ψύ‹…ΰύΑ‰…τύΟ‰όύλM‹‰…άύ‹C‰…δύ‹C‰…ΰύ‹C‰…θύµ ύµ°ύ…πύPS…xώP…ώPθvΘƒΔµ`θ!]ϋY…ΐtd‹…`‹,1078561341 
‰½θύπ‰µπύΒ‰…ψύ‹…ΰύΑ‰…τύΟ‰όύλM‹‰…άύ‹C‰…δύ‹C‰…ΰύ‹C‰…θύµ ύµ°ύ…πύPS…xώP…ώPθvΘƒΔµ`θ!]ϋY…ΐtd‹…`‹,1078561341 
‰½θύπ‰µπύΒ‰…ψύ‹…ΰύΑ‰…τύΟ‰όύλM‹‰…άύ‹C‰…δύ‹C‰…ΰύ‹C‰…θύµ ύµ°ύ…πύPS…xώP…ώPθvΘƒΔµ`θ!]ϋY…ΐtd‹…`‹,1078561341 
‰½θύπ‰µπύΒ‰…ψύ‹…ΰύΑ‰…τύΟ‰όύλM‹‰…άύ‹C‰…δύ‹C‰…ΰύ‹C‰…θύµ ύµ°ύ…πύPS…xώP…ώPθvΘƒΔµ`θ!]ϋY…ΐtd‹…`‹,1078561341 
‰½θύπ‰µπύΒ‰…ψύ‹…ΰύΑ‰…τύΟ‰όύλM‹‰…άύ‹C‰…δύ‹C‰…ΰύ‹C‰…θύµ ύµ°ύ…πύPS…xώP…ώPθvΘƒΔµ`θ!]ϋY…ΐtd‹…`‹,1078561341 
‰½θύπ‰µπύΒ‰…ψύ‹…ΰύΑ‰…τύΟ‰όύλM‹‰…άύ‹C‰…δύ‹C‰…ΰύ‹C‰…θύµ ύµ°ύ…πύPS…xώP…ώPθvΘƒΔµ`θ!]ϋY…ΐtd‹…`‹,1078561341 
‰½θύπ‰µπύΒ‰…ψύ‹…ΰύΑ‰…τύΟ‰όύλM‹‰…άύ‹C‰…δύ‹C‰…ΰύ‹C‰…θύµ ύµ°ύ…πύPS…xώP…ώPθvΘƒΔµ`θ!]ϋY…ΐtd‹…`‹,1078561341 
‰½θύπ‰µπύΒ‰…ψύ‹…ΰύΑ‰…τύΟ‰όύλM‹‰…άύ‹C‰…δύ‹C‰…ΰύ‹C‰…θύµ ύµ°ύ…πύPS…xώP…ώPθvΘƒΔµ`θ!]ϋY…ΐtd‹…`‹,1078561341 
‰½θύπ‰µπύΒ‰…ψύ‹…ΰύΑ‰…τύΟ‰όύλM‹‰…άύ‹C‰…δύ‹C‰…ΰύ‹C‰…θύµ ύµ°ύ…πύPS…xώP…ώPθvΘƒΔµ`θ!]ϋY…ΐtd‹…`‹,1078561341 
‰½θύπ‰µπύΒ‰…ψύ‹…ΰύΑ‰…τύΟ‰όύλM‹‰…άύ‹C‰…δύ‹C‰…ΰύ‹C‰…θύµ ύµ°ύ…πύPS…xώP…ώPθvΘƒΔµ`θ!]ϋY…ΐtd‹…`‹,1078561341 
‰½θύπ‰µπύΒ‰…ψύ‹…ΰύΑ‰…τύΟ‰όύλM‹‰…άύ‹C‰…δύ‹C‰…ΰύ‹C‰…θύµ ύµ°ύ…πύPS…xώP…ώPθvΘƒΔµ`θ!]ϋY…ΐtd‹…`‹,1078561341 
‰½θύπ‰µπύΒ‰…ψύ‹…ΰύΑ‰…τύΟ‰όύλM‹‰…άύ‹C‰…δύ‹C‰…ΰύ‹C‰…θύµ ύµ°ύ…πύPS…xώP…ώPθvΘƒΔµ`θ!]ϋY…ΐtd‹…`‹,1078561341 
‰½θύπ‰µπύΒ‰…ψύ‹…ΰύΑ‰…τύΟ‰όύλM‹‰…άύ‹C‰…δύ‹C‰…ΰύ‹C‰…θύµ ύµ°ύ…πύPS…xώP…ώPθvΘƒΔµ`θ!]ϋY…ΐtd‹…`‹,1078561341 
‰½θύπ‰µπύΒ‰…ψύ‹…ΰύΑ‰…τύΟ‰όύλM‹‰…άύ‹C‰…δύ‹C‰…ΰύ‹C‰…θύµ ύµ°ύ…πύPS…xώP…ώPθvΘƒΔµ`θ!]ϋY…ΐtd‹…`‹,1078561341 
‰½θύπ‰µπύΒ‰…ψύ‹…ΰύΑ‰…τύΟ‰όύλM‹‰…άύ‹C‰…δύ‹C‰…ΰύ‹C‰…θύµ ύµ°ύ…πύPS…xώP…ώPθvΘƒΔµ`θ!]ϋY…ΐtd‹…`‹,1078561341 
‰½θύπ‰µπύΒ‰…ψύ‹…ΰύΑ‰…τύΟ‰όύλM‹‰…άύ‹C‰…δύ‹C‰…ΰύ‹C‰…θύµ ύµ°ύ…πύPS…xώP…ώPθvΘƒΔµ`θ!]ϋY…ΐtd‹…`‹,1078561341 
‰½θύπ‰µπύΒ‰…ψύ‹…ΰύΑ‰…τύΟ‰όύλM‹‰…άύ‹C‰…δύ‹C‰…ΰύ‹C‰…θύµ ύµ°ύ…πύPS…xώP…ώPθvΘƒΔµ`θ!]ϋY…ΐtd‹…`‹,1078561341 
‰½θύπ‰µπύΒ‰…ψύ‹…ΰύΑ‰…τύΟ‰όύλM‹‰…άύ‹C‰…δύ‹C‰…ΰύ‹C‰…θύµ ύµ°ύ…πύPS…xώP…ώPθvΘƒΔµ`θ!]ϋY…ΐtd‹…`‹,1078561341 
‰½θύπ‰µπύΒ‰…ψύ‹…ΰύΑ‰…τύΟ‰όύλM‹‰…άύ‹C‰…δύ‹C‰…ΰύ‹C‰…θύµ ύµ°ύ…πύPS…xώP…ώPθvΘƒΔµ`θ!]ϋY…ΐtd‹…`‹,1078561341 
‰½θύπ‰µπύΒ‰…ψύ‹…ΰύΑ‰…τύΟ‰όύλM‹‰…άύ‹C‰…δύ‹C‰…ΰύ‹C‰…θύµ ύµ°ύ…πύPS…xώP…ώPθvΘƒΔµ`θ!]ϋY…ΐtd‹…`‹,1078561341 
‰½θύπ‰µπύΒ‰…ψύ‹…ΰύΑ‰…τύΟ‰όύλM‹‰…άύ‹C‰…δύ‹C‰…ΰύ‹C‰…θύµ ύµ°ύ…πύPS…xώP…ώPθvΘƒΔµ`θ!]ϋY…ΐtd‹…`‹,1078561341 
‰½θύπ‰µπύΒ‰…ψύ‹…ΰύΑ‰…τύΟ‰όύλM‹‰…άύ‹C‰…δύ‹C‰…ΰύ‹C‰…θύµ ύµ°ύ…πύPS…xώP…ώPθvΘƒΔµ`θ!]ϋY…ΐtd‹…`‹,1078561341 
‰½θύπ‰µπύΒ‰…ψύ‹…ΰύΑ‰…τύΟ‰όύλM‹‰…άύ‹C‰…δύ‹C‰…ΰύ‹C‰…θύµ ύµ°ύ…πύPS…xώP…ώPθvΘƒΔµ`θ!]ϋY…ΐtd‹…`‹,1078561341 
‰½θύπ‰µπύΒ‰…ψύ‹…ΰύΑ‰…τύΟ‰όύλM‹‰…άύ‹C‰…δύ‹C‰…ΰύ‹C‰…θύµ ύµ°ύ…πύPS…xώP…ώPθvΘƒΔµ`θ!]ϋY…ΐtd‹…`‹,1078561341 
‰½θύπ‰µπύΒ‰…ψύ‹…ΰύΑ‰…τύΟ‰όύλM‹‰…άύ‹C‰…δύ‹C‰…ΰύ‹C‰…θύµ ύµ°ύ…πύPS…xώP…ώPθvΘƒΔµ`θ!]ϋY…ΐtd‹…`‹,1078561341 
‰½θύπ‰µπύΒ‰…ψύ‹…ΰύΑ‰…τύΟ‰όύλM‹‰…άύ‹C‰…δύ‹C‰…ΰύ‹C‰…θύµ ύµ°ύ…πύPS…xώP…ώPθvΘƒΔµ`θ!]ϋY…ΐtd‹…`‹,1078561341 
‰½θύπ‰µπύΒ‰…ψύ‹…ΰύΑ‰…τύΟ‰όύλM‹‰…άύ‹C‰…δύ‹C‰…ΰύ‹C‰…θύµ ύµ°ύ…πύPS…xώP…ώPθvΘƒΔµ`θ!]ϋY…ΐtd‹…`‹,1078561341 
‰½θύπ‰µπύΒ‰…ψύ‹…ΰύΑ‰…τύΟ‰όύλM‹‰…άύ‹C‰…δύ‹C‰…ΰύ‹C‰…θύµ ύµ°ύ…πύPS…xώP…ώPθvΘƒΔµ`θ!]ϋY…ΐtd‹…`‹,1078561341 
‰½θύπ‰µπύΒ‰…ψύ‹…ΰύΑ‰…τύΟ‰όύλM‹‰…άύ‹C‰…δύ‹C‰…ΰύ‹C‰…θύµ ύµ°ύ…πύPS…xώP…ώPθvΘƒΔµ`θ!]ϋY…ΐtd‹…`‹,1078561341 
‰½θύπ‰µπύΒ‰…ψύ‹…ΰύΑ‰…τύΟ‰όύλM‹‰…άύ‹C‰…δύ‹C‰…ΰύ‹C‰…θύµ ύµ°ύ…πύPS…xώP…ώPθvΘƒΔµ`θ!]ϋY…ΐtd‹…`‹,1078561341 
‰½θύπ‰µπύΒ‰…ψύ‹…ΰύΑ‰…τύΟ‰όύλM‹‰…άύ‹C‰…δύ‹C‰…ΰύ‹C‰…θύµ ύµ°ύ…πύPS…xώP…ώPθvΘƒΔµ`θ!]ϋY…ΐtd‹…`‹,1078561341 
‰½θύπ‰µπύΒ‰…ψύ‹…ΰύΑ‰…τύΟ‰όύλM‹‰…άύ‹C‰…δύ‹C‰…ΰύ‹C‰…θύµ ύµ°ύ…πύPS…xώP…ώPθvΘƒΔµ`θ!]ϋY…ΐtd‹…`‹,1078561341 
‰½θύπ‰µπύΒ‰…ψύ‹…ΰύΑ‰…τύΟ‰όύλM‹‰…άύ‹C‰…δύ‹C‰…ΰύ‹C‰…θύµ ύµ°ύ…πύPS…xώP…ώPθvΘƒΔµ`θ!]ϋY…ΐtd‹…`‹,1078561341 
‰½θύπ‰µπύΒ‰…ψύ‹…ΰύΑ‰…τύΟ‰όύλM‹‰…άύ‹C‰…δύ‹C‰…ΰύ‹C‰…θύµ ύµ°ύ…πύPS…xώP…ώPθvΘƒΔµ`θ!]ϋY…ΐtd‹…`‹,1078561341 
‰½θύπ‰µπύΒ‰…ψύ‹…ΰύΑ‰…τύΟ‰όύλM‹‰…άύ‹C‰…δύ‹C‰…ΰύ‹C‰…θύµ ύµ°ύ…πύPS…xώP…ώPθvΘƒΔµ`θ!]ϋY…ΐtd‹…`‹,1078561341 
‰½θύπ‰µπύΒ‰…ψύ‹…ΰύΑ‰…τύΟ‰όύλM‹‰…άύ‹C‰…δύ‹C‰…ΰύ‹C‰…θύµ ύµ°ύ…πύPS…xώP…ώPθvΘƒΔµ`θ!]ϋY…ΐtd‹…`‹,1078561341 
‰½θύπ‰µπύΒ‰…ψύ‹…ΰύΑ‰…τύΟ‰όύλM‹‰…άύ‹C‰…δύ‹C‰…ΰύ‹C‰…θύµ ύµ°ύ…πύPS…xώP…ώPθvΘƒΔµ`θ!]ϋY…ΐtd‹…`‹,1078561341 
‰½θύπ‰µπύΒ‰…ψύ‹…ΰύΑ‰…τύΟ‰όύλM‹‰…άύ‹C‰…δύ‹C‰…ΰύ‹C‰…θύµ ύµ°ύ…πύPS…xώP…ώPθvΘƒΔµ`θ!]ϋY…ΐtd‹…`‹,1078561341 
‰½θύπ‰µπύΒ‰…ψύ‹…ΰύΑ‰…τύΟ‰όύλM‹‰…άύ‹C‰…δύ‹C‰…ΰύ‹C‰…θύµ ύµ°ύ…πύPS…xώP…ώPθvΘƒΔµ`θ!]ϋY…ΐtd‹…`‹,1078561341 
‰½θύπ‰µπύΒ‰…ψύ‹…ΰύΑ‰…τύΟ‰όύλM‹‰…άύ‹C‰…δύ‹C‰…ΰύ‹C‰…θύµ ύµ°ύ…πύPS…xώP…ώPθvΘƒΔµ`θ!]ϋY…ΐtd‹…`‹,1078561341 
‰½θύπ‰µπύΒ‰…ψύ‹…ΰύΑ‰…τύΟ‰όύλM‹‰…άύ‹C‰…δύ‹C‰…ΰύ‹C‰…θύµ ύµ°ύ…πύPS…xώP…ώPθvΘƒΔµ`θ!]ϋY…ΐtd‹…`‹,1078561341 
‰½θύπ‰µπύΒ‰…ψύ‹…ΰύΑ‰…τύΟ‰όύλM‹‰…άύ‹C‰…δύ‹C‰…ΰύ‹C‰…θύµ ύµ°ύ…πύPS…xώP…ώPθvΘƒΔµ`θ!]ϋY…ΐtd‹…`‹,1078561341 
‰½θύπ‰µπύΒ‰…ψύ‹…ΰύΑ‰…τύΟ‰όύλM‹‰…άύ‹C‰…δύ‹C‰…ΰύ‹C‰…θύµ ύµ°ύ…πύPS…xώP…ώPθvΘƒΔµ`θ!]ϋY…ΐtd‹…`‹,1078561341 
‰½θύπ‰µπύΒ‰…ψύ‹…ΰύΑ‰…τύΟ‰όύλM‹‰…άύ‹C‰…δύ‹C‰…ΰύ‹C‰…θύµ ύµ°ύ…πύPS…xώP…ώPθvΘƒΔµ`θ!]ϋY…ΐtd‹…`‹,1078561341 
‰½θύπ‰µπύΒ‰…ψύ‹…ΰύΑ‰…τύΟ‰όύλM‹‰…άύ‹C‰…δύ‹C‰…ΰύ‹C‰…θύµ ύµ°ύ…πύPS…xώP…ώPθvΘƒΔµ`θ!]ϋY…ΐtd‹…`‹,1078561341 
‰½θύπ‰µπύΒ‰…ψύ‹…ΰύΑ‰…τύΟ‰όύλM‹‰…άύ‹C‰…δύ‹C‰…ΰύ‹C‰…θύµ ύµ°ύ…πύPS…xώP…ώPθvΘƒΔµ`θ!]ϋY…ΐtd‹…`‹,1078561341 
‰½θύπ‰µπύΒ‰…ψύ‹…ΰύΑ‰…τύΟ‰όύλM‹‰…άύ‹C‰…δύ‹C‰…ΰύ‹C‰…θύµ ύµ°ύ…πύPS…xώP…ώPθvΘƒΔµ`θ!]ϋY…ΐtd‹…`‹,1078561341 
‰½θύπ‰µπύΒ‰…ψύ‹…ΰύΑ‰…τύΟ‰όύλM‹‰…άύ‹C‰…δύ‹C‰…ΰύ‹C‰…θύµ ύµ°ύ…πύPS…xώP…ώPθvΘƒΔµ`θ!]ϋY…ΐtd‹…`‹,1078561341 
‰½θύπ‰µπύΒ‰…ψύ‹…ΰύΑ‰…τύΟ‰όύλM‹‰…άύ‹C‰…δύ‹C‰…ΰύ‹C‰…θύµ ύµ°ύ…πύPS…xώP…ώPθvΘƒΔµ`θ!]ϋY…ΐtd‹…`‹,1078561341 
‰½θύπ‰µπύΒ‰…ψύ‹…ΰύΑ‰…τύΟ‰όύλM‹‰…άύ‹C‰…δύ‹C‰…ΰύ‹C‰…θύµ ύµ°ύ…πύPS…xώP…ώPθvΘƒΔµ`θ!]ϋY…ΐtd‹…`‹,1078561341 
‰½θύπ‰µπύΒ‰…ψύ‹…ΰύΑ‰…τύΟ‰όύλM‹‰…άύ‹C‰…δύ‹C‰…ΰύ‹C‰…θύµ ύµ°ύ…πύPS…xώP…ώPθvΘƒΔµ`θ!]ϋY…ΐtd‹…`‹,1078561341 
‰½θύπ‰µπύΒ‰…ψύ‹…ΰύΑ‰…τύΟ‰όύλM‹‰…άύ‹C‰…δύ‹C‰…ΰύ‹C‰…θύµ ύµ°ύ…πύPS…xώP…ώPθvΘƒΔµ`θ!]ϋY…ΐtd‹…`‹,1078561341 
‰½θύπ‰µπύΒ‰…ψύ‹…ΰύΑ‰…τύΟ‰όύλM‹‰…άύ‹C‰…δύ‹C‰…ΰύ‹C‰…θύµ ύµ°ύ…πύPS…xώP…ώPθvΘƒΔµ`θ!]ϋY…ΐtd‹…`‹,1078561341 
‰½θύπ‰µπύΒ‰…ψύ‹…ΰύΑ‰…τύΟ‰όύλM‹‰…άύ‹C‰…δύ‹C‰…ΰύ‹C‰…θύµ ύµ°ύ…πύPS…xώP…ώPθvΘƒΔµ`θ!]ϋY…ΐtd‹…`‹,1078561341 
‰½θύπ‰µπύΒ‰…ψύ‹…ΰύΑ‰…τύΟ‰όύλM‹‰…άύ‹C‰…δύ‹C‰…ΰύ‹C‰…θύµ ύµ°ύ…πύPS…xώP…ώPθvΘƒΔµ`θ!]ϋY…ΐtd‹…`‹,1078561341 
‰½θύπ‰µπύΒ‰…ψύ‹…ΰύΑ‰…τύΟ‰όύλM‹‰…άύ‹C‰…δύ‹C‰…ΰύ‹C‰…θύµ ύµ°ύ…πύPS…xώP…ώPθvΘƒΔµ`θ!]ϋY…ΐtd‹…`‹,1078561341 
‰½θύπ‰µπύΒ‰…ψύ‹…ΰύΑ‰…τύΟ‰όύλM‹‰…άύ‹C‰…δύ‹C‰…ΰύ‹C‰…θύµ ύµ°ύ…πύPS…xώP…ώPθvΘƒΔµ`θ!]ϋY…ΐtd‹…`‹,1078561341 
‰½θύπ‰µπύΒ‰…ψύ‹…ΰύΑ‰…τύΟ‰όύλM‹‰…άύ‹C‰…δύ‹C‰…ΰύ‹C‰…θύµ ύµ°ύ…πύPS…xώP…ώPθvΘƒΔµ`θ!]ϋY…ΐtd‹…`‹,1078561341 
‰½θύπ‰µπύΒ‰…ψύ‹…ΰύΑ‰…τύΟ‰όύλM‹‰…άύ‹C‰…δύ‹C‰…ΰύ‹C‰…θύµ ύµ°ύ…πύPS…xώP…ώPθvΘƒΔµ`θ!]ϋY…ΐtd‹…`‹,1078561341 
‰½θύπ‰µπύΒ‰…ψύ‹…ΰύΑ‰…τύΟ‰όύλM‹‰…άύ‹C‰…δύ‹C‰…ΰύ‹C‰…θύµ ύµ°ύ…πύPS…xώP…ώPθvΘƒΔµ`θ!]ϋY…ΐtd‹…`‹,1078561341 
‰½θύπ‰µπύΒ‰…ψύ‹…ΰύΑ‰…τύΟ‰όύλM‹‰…άύ‹C‰…δύ‹C‰…ΰύ‹C‰…θύµ ύµ°ύ…πύPS…xώP…ώPθvΘƒΔµ`θ!]ϋY…ΐtd‹…`‹,1078561341 
